-0.800000012,0.550000012,0
-0.800000012,0.560000002,0.227415144
-0.800000012,0.569999993,0.650114477
-0.800000012,0.579999983,0.944114268
-0.800000012,0.590000033,1.07107103
-0.800000012,0.600000024,1.10139573
-0.800000012,0.610000014,1.10341299
-0.800000012,0.620000005,1.10108042
-0.800000012,0.629999995,1.09845364
-0.800000012,0.639999986,1.09590137
-0.800000012,0.649999976,1.09343052
-0.800000012,0.660000026,1.09104514
-0.800000012,0.670000017,1.08872938
-0.800000012,0.680000007,1.08650494
-0.800000012,0.689999998,1.08433437
-0.800000012,0.699999988,1.08225119
-0.75999999,0.550000012,0
-0.75999999,0.560000002,0.167563483
-0.75999999,0.569999993,0.584513366
-0.75999999,0.579999983,0.900841653
-0.75999999,0.590000033,1.05415428
-0.75999999,0.600000024,1.09720111
-0.75999999,0.610000014,1.10224545
-0.75999999,0.620000005,1.10029483
-0.75999999,0.629999995,1.09770358
-0.75999999,0.639999986,1.09515846
-0.75999999,0.649999976,1.09269595
-0.75999999,0.660000026,1.09032726
-0.75999999,0.670000017,1.08802605
-0.75999999,0.680000007,1.08581674
-0.75999999,0.689999998,1.08366477
-0.75999999,0.699999988,1.08159709
-0.720000029,0.550000012,0
-0.720000029,0.560000002,0.13325049
-0.720000029,0.569999993,0.536569118
-0.720000029,0.579999983,0.864077747
-0.720000029,0.590000033,1.0370239
-0.720000029,0.600000024,1.09169579
-0.720000029,0.610000014,1.10011649
-0.720000029,0.620000005,1.09869778
-0.720000029,0.629999995,1.09617102
-0.720000029,0.639999986,1.09365821
-0.720000029,0.649999976,1.09122026
-0.720000029,0.660000026,1.08888769
-0.720000029,0.670000017,1.08661771
-0.720000029,0.680000007,1.08444369
-0.720000029,0.689999998,1.08234036
-0.720000029,0.699999988,1.08031309
-0.680000007,0.550000012,0
-0.680000007,0.560000002,0.119513839
-0.680000007,0.569999993,0.507807851
-0.680000007,0.579999983,0.837127745
-0.680000007,0.590000033,1.02191424
-0.680000007,0.600000024,1.0855062
-0.680000007,0.610000014,1.09707594
-0.680000007,0.620000005,1.09623432
-0.680000007,0.629999995,1.09376383
-0.680000007,0.639999986,1.09130895
-0.680000007,0.649999976,1.0889169
-0.680000007,0.660000026,1.08664012
-0.680000007,0.670000017,1.08444929
-0.680000007,0.680000007,1.08234465
-0.680000007,0.689999998,1.0803169
-0.680000007,0.699999988,1.07837319
-0.639999986,0.550000012,0
-0.639999986,0.560000002,0.127424866
-0.639999986,0.569999993,0.496528387
-0.639999986,0.579999983,0.820522606
-0.639999986,0.590000033,1.00919604
-0.639999986,0.600000024,1.07867646
-0.639999986,0.610000014,1.09265482
-0.639999986,0.620000005,1.09249282
-0.639999986,0.629999995,1.09021497
-0.639999986,0.639999986,1.08787811
-0.639999986,0.649999976,1.08563578
-0.639999986,0.660000026,1.08349383
-0.639999986,0.670000017,1.08143711
-0.639999986,0.680000007,1.0794723
-0.639999986,0.689999998,1.07755935
-0.639999986,0.699999988,1.07575417
-0.600000024,0.550000012,0
-0.600000024,0.560000002,0.152060241
-0.600000024,0.569999993,0.498801351
-0.600000024,0.579999983,0.812486649
-0.600000024,0.590000033,0.999095798
-0.600000024,0.600000024,1.07076967
-0.600000024,0.610000014,1.08663988
-0.600000024,0.620000005,1.0872221
-0.600000024,0.629999995,1.08535147
-0.600000024,0.639999986,1.08331704
-0.600000024,0.649999976,1.08134329
-0.600000024,0.660000026,1.07945466
-0.600000024,0.670000017,1.07761431
-0.600000024,0.680000007,1.07586122
-0.600000024,0.689999998,1.07415283
-0.600000024,0.699999988,1.07250702
-0.560000002,0.550000012,0
-0.560000002,0.560000002,0.184001341
-0.560000002,0.569999993,0.512892902
-0.560000002,0.579999983,0.812702179
-0.560000002,0.590000033,0.992582858
-0.560000002,0.600000024,1.06296563
-0.560000002,0.610000014,1.07970369
-0.560000002,0.620000005,1.08100569
-0.560000002,0.629999995,1.0796262
-0.560000002,0.639999986,1.07797706
-0.560000002,0.649999976,1.07635474
-0.560000002,0.660000026,1.07476377
-0.560000002,0.670000017,1.07321477
-0.560000002,0.680000007,1.07170439
-0.560000002,0.689999998,1.07023394
-0.560000002,0.699999988,1.06879246
-0.519999981,0.539999962,0
-0.519999981,0.549999952,2.26E-02
-0.519999981,0.559999943,0.220930159
-0.519999981,0.569999933,0.535645485
-0.519999981,0.579999983,0.819728553
-0.519999981,0.589999974,0.989259362
-0.519999981,0.599999964,1.0562501
-0.519999981,0.609999955,1.07295144
-0.519999981,0.619999945,1.07466209
-0.519999981,0.629999936,1.07371974
-0.519999981,0.639999986,1.07241964
-0.519999981,0.649999976,1.07111812
-0.519999981,0.659999967,1.06982446
-0.519999981,0.669999957,1.06854939
-0.519999981,0.679999948,1.0672884
-0.519999981,0.689999938,1.06604791
-0.519999981,0.699999928,1.06482005
-0.480000019,0.539999962,0
-0.480000019,0.549999952,4.95E-02
-0.480000019,0.559999943,0.260088891
-0.480000019,0.569999933,0.563624322
-0.480000019,0.579999983,0.8309654
-0.480000019,0.589999974,0.988583565
-0.480000019,0.599999964,1.05079031
-0.480000019,0.609999955,1.06677818
-0.480000019,0.619999945,1.06873381
-0.480000019,0.629999936,1.06804645
-0.480000019,0.639999986,1.067029
-0.480000019,0.649999976,1.06597579
-0.480000019,0.659999967,1.06494164
-0.480000019,0.669999957,1.06388223
-0.480000019,0.679999948,1.06284976
-0.480000019,0.689999938,1.06181276
-0.480000019,0.699999928,1.06078911
-0.440000027,0.539999962,0
-0.440000027,0.549999952,7.97E-02
-0.440000027,0.559999943,0.301477253
-0.440000027,0.569999933,0.594393969
-0.440000027,0.579999983,0.844754517
-0.440000027,0.589999974,0.989473045
-0.440000027,0.599999964,1.04647338
-0.440000027,0.609999955,1.06123066
-0.440000027,0.619999945,1.06324244
-0.440000027,0.629999936,1.06274045
-0.440000027,0.639999986,1.06194651
-0.440000027,0.649999976,1.06106842
-0.440000027,0.659999967,1.06024063
-0.440000027,0.669999957,1.05937517
-0.440000027,0.679999948,1.05851936
-0.440000027,0.689999938,1.05766225
-0.440000027,0.699999928,1.05680859
-0.400000036,0.529999971,0
-0.400000036,0.539999962,5.40E-03
-0.400000036,0.549999952,0.113396525
-0.400000036,0.559999943,0.343453258
-0.400000036,0.569999993,0.626797855
-0.400000036,0.579999983,0.859699547
-0.400000036,0.589999974,0.991470695
-0.400000036,0.599999964,1.04283607
-0.400000036,0.609999955,1.05625188
-0.400000036,0.619999945,1.0581851
-0.400000036,0.629999995,1.05783045
-0.400000036,0.639999986,1.05718017
-0.400000036,0.649999976,1.0564853
-0.400000036,0.659999967,1.05578721
-0.400000036,0.669999957,1.05508232
-0.400000036,0.679999948,1.05437648
-0.400000036,0.689999938,1.05366397
-0.400000036,0.699999988,1.05295837
-0.360000014,0.529999971,0
-0.360000014,0.539999962,1.91E-02
-0.360000014,0.549999952,0.150220886
-0.360000014,0.559999943,0.38665244
-0.360000014,0.569999993,0.6593045
-0.360000014,0.579999983,0.874881327
-0.360000014,0.589999974,0.994115889
-0.360000014,0.599999964,1.03971565
-0.360000014,0.609999955,1.05172479
-0.360000014,0.619999945,1.05351269
-0.360000014,0.629999995,1.05326462
-0.360000014,0.639999986,1.0527302
-0.360000014,0.649999976,1.05216384
-0.360000014,0.659999967,1.05159283
-0.360000014,0.669999957,1.05100441
-0.360000014,0.679999948,1.0504334
-0.360000014,0.689999938,1.04981887
-0.360000014,0.699999988,1.04925299
-0.320000023,0.529999971,0
-0.320000023,0.539999962,3.89E-02
-0.320000023,0.549999952,0.189693898
-0.320000023,0.559999943,0.430726141
-0.320000023,0.569999993,0.691090703
-0.320000023,0.579999983,0.88975352
-0.320000023,0.589999974,0.996558547
-0.320000023,0.599999964,1.03698266
-0.320000023,0.609999955,1.04753435
-0.320000023,0.619999945,1.04916143
-0.320000023,0.629999995,1.04898298
-0.320000023,0.639999986,1.04854023
-0.320000023,0.649999976,1.04808545
-0.320000023,0.659999967,1.04761302
-0.320000023,0.669999957,1.04712772
-0.320000023,0.679999948,1.04666424
-0.320000023,0.689999938,1.04617906
-0.320000023,0.699999988,1.04568481
-0.280000031,0.519999981,0
-0.280000031,0.529999971,-5.94E-04
-0.280000031,0.539999962,6.40E-02
-0.280000031,0.549999952,0.231093988
-0.280000031,0.560000002,0.473741531
-0.280000031,0.569999993,0.722210944
-0.280000031,0.579999983,0.90401274
-0.280000031,0.589999974,0.999037266
-0.280000031,0.599999964,1.03442311
-0.280000031,0.609999955,1.043612
-0.280000031,0.620000005,1.0450387
-0.280000031,0.629999995,1.04491639
-0.280000031,0.639999986,1.04452491
-0.280000031,0.649999976,1.0441674
-0.280000031,0.659999967,1.04379094
-0.280000031,0.669999957,1.04340303
-0.280000031,0.679999948,1.04308343
-0.280000031,0.689999998,1.04227674
-0.280000031,0.699999988,1.04330373
-0.24000001,0.519999981,0
-0.24000001,0.529999971,5.70E-03
-0.24000001,0.539999962,9.39E-02
-0.24000001,0.549999952,0.27465871
-0.24000001,0.560000002,0.516535699
-0.24000001,0.569999993,0.751736403
-0.24000001,0.579999983,0.917233407
-0.24000001,0.589999974,1.00118482
-0.24000001,0.599999964,1.03193903
-0.24000001,0.609999955,1.03978419
-0.24000001,0.620000005,1.04102886
-0.24000001,0.629999995,1.0409162
-0.24000001,0.639999986,1.04061449
-0.24000001,0.649999976,1.04031289
-0.24000001,0.659999967,1.04001319
-0.24000001,0.669999957,1.04008996
-0.24000001,0.679999948,1.03432906
-0.24000001,0.689999998,1.03321731
-0.24000001,0.699999988,1.03211129
-0.200000048,0.519999981,0
-0.200000048,0.529999971,1.89E-02
-0.200000048,0.539999962,0.127611637
-0.200000048,0.549999952,0.319488943
-0.200000048,0.560000002,0.558631539
-0.200000048,0.569999993,0.779751658
-0.200000048,0.579999983,0.929214478
-0.200000048,0.589999974,1.00269914
-0.200000048,0.599999964,1.02917409
-0.200000048,0.609999955,1.03584337
-0.200000048,0.620000005,1.03683269
-0.200000048,0.629999995,1.03689253
-0.200000048,0.639999986,1.03589702
-0.200000048,0.649999976,1.03755867
-0.200000048,0.659999967,1.02806246
-0.200000048,0.669999957,1.0289501
-0.200000048,0.679999948,1.0288558
-0.200000048,0.689999998,1.02876699
-0.200000048,0.699999988,1.02872133
-0.160000026,0.50999999,0
-0.160000026,0.519999981,-3.11E-03
-0.160000026,0.529999971,3.84E-02
-0.160000026,0.539999962,0.165500626
-0.160000026,0.550000012,0.365902245
-0.160000026,0.560000002,0.599570394
-0.160000026,0.569999993,0.805796385
-0.160000026,0.579999983,0.939631462
-0.160000026,0.589999974,1.00336921
-0.160000026,0.599999964,1.02575254
-0.160000026,0.610000014,1.03034818
-0.160000026,0.620000005,1.03395128
-0.160000026,0.629999995,1.02150583
-0.160000026,0.639999986,1.02475774
-0.160000026,0.649999976,1.02439129
-0.160000026,0.659999967,1.02465868
-0.160000026,0.669999957,1.02481008
-0.160000026,0.680000007,1.02497923
-0.160000026,0.689999998,1.02511764
-0.160000026,0.699999988,1.02524865
-0.120000005,0.50999999,0
-0.120000005,0.519999981,-1.81E-04
-0.120000005,0.529999971,6.42E-02
-0.120000005,0.539999962,0.207914799
-0.120000005,0.550000012,0.414929122
-0.120000005,0.560000002,0.642116725
-0.120000005,0.569999993,0.831534386
-0.120000005,0.579999983,0.947282612
-0.120000005,0.589999974,1.00663948
-0.120000005,0.599999964,1.00430405
-0.120000005,0.610000014,1.01488185
-0.120000005,0.620000005,1.01651132
-0.120000005,0.629999995,1.01796579
-0.120000005,0.639999986,1.0188911
-0.120000005,0.649999976,1.01970267
-0.120000005,0.659999967,1.02036726
-0.120000005,0.669999957,1.02092874
-0.120000005,0.680000007,1.02139843
-0.120000005,0.689999998,1.02179146
-0.120000005,0.699999988,1.02212
-8.00E-02,0.50999999,0
-8.00E-02,0.519999981,1.08E-02
-8.00E-02,0.529999971,9.74E-02
-8.00E-02,0.539999962,0.257075876
-8.00E-02,0.550000012,0.466759026
-8.00E-02,0.560000002,0.697090447
-8.00E-02,0.569999993,0.81225127
-8.00E-02,0.579999983,0.928020537
-8.00E-02,0.589999974,0.980491281
-8.00E-02,0.599999964,1.00182533
-8.00E-02,0.610000014,1.00931239
-8.00E-02,0.620000005,1.0124414
-8.00E-02,0.629999995,1.01427233
-8.00E-02,0.639999986,1.01562941
-8.00E-02,0.649999976,1.0167079
-8.00E-02,0.659999967,1.01758242
-8.00E-02,0.669999957,1.01829982
-8.00E-02,0.680000007,1.01889265
-8.00E-02,0.689999998,1.01938581
-8.00E-02,0.699999988,1.01979744
-4.00E-02,0.5,0
-4.00E-02,0.50999999,-3.70E-03
-4.00E-02,0.519999981,2.60E-02
-4.00E-02,0.529999971,0.140163302
-4.00E-02,0.540000021,0.252577931
-4.00E-02,0.550000012,0.470068485
-4.00E-02,0.560000002,0.6741696
-4.00E-02,0.569999993,0.841153681
-4.00E-02,0.579999983,0.942453682
-4.00E-02,0.589999974,0.990010321
-4.00E-02,0.600000024,1.00733244
-4.00E-02,0.610000014,1.01258433
-4.00E-02,0.620000005,1.01426101
-4.00E-02,0.629999995,1.01511979
-4.00E-02,0.639999986,1.01579189
-4.00E-02,0.649999976,1.01638532
-4.00E-02,0.659999967,1.01690817
-4.00E-02,0.670000017,1.01736808
-4.00E-02,0.680000007,1.01776993
-4.00E-02,0.689999998,1.01811934
-4.00E-02,0.699999988,1.01842189
-5.96E-08,0.5,0
-5.96E-08,0.50999999,-1.02E-02
-5.96E-08,0.519999981,3.01E-02
-5.96E-08,0.529999971,0.12269108
-5.96E-08,0.540000021,0.283909112
-5.96E-08,0.550000012,0.48767072
-5.96E-08,0.560000002,0.693489015
-5.96E-08,0.569999993,0.855102122
-5.96E-08,0.579999983,0.952418447
-5.96E-08,0.589999974,0.997026443
-5.96E-08,0.600000024,1.01245034
-5.96E-08,0.610000014,1.01635635
-5.96E-08,0.620000005,1.01699758
-5.96E-08,0.629999995,1.01702023
-5.96E-08,0.639999986,1.01701725
-5.96E-08,0.649999976,1.01706374
-5.96E-08,0.659999967,1.0171504
-5.96E-08,0.670000017,1.01726091
-5.96E-08,0.680000007,1.01738322
-5.96E-08,0.689999998,1.0175097
-5.96E-08,0.699999988,1.01763499
4.00E-02,0.5,0
4.00E-02,0.50999999,-1.07E-02
4.00E-02,0.519999981,3.53E-02
4.00E-02,0.529999971,0.139347076
4.00E-02,0.540000021,0.302004725
4.00E-02,0.550000012,0.504870296
4.00E-02,0.560000002,0.706122816
4.00E-02,0.569999993,0.862429917
4.00E-02,0.579999983,0.956029832
4.00E-02,0.589999974,0.998861611
4.00E-02,0.600000024,1.01367569
4.00E-02,0.610000014,1.01735485
4.00E-02,0.620000005,1.01780748
4.00E-02,0.629999995,1.01761699
4.00E-02,0.639999986,1.01738656
4.00E-02,0.649999976,1.01720929
4.00E-02,0.659999967,1.01708567
4.00E-02,0.670000017,1.01700675
4.00E-02,0.680000007,1.01696002
4.00E-02,0.689999998,1.01693821
4.00E-02,0.699999988,1.01693416
8.00E-02,0.5,0
8.00E-02,0.50999999,-8.71E-03
8.00E-02,0.519999981,4.48E-02
8.00E-02,0.529999971,0.157144397
8.00E-02,0.540000021,0.323391348
8.00E-02,0.550000012,0.524183631
8.00E-02,0.560000002,0.719560862
8.00E-02,0.569999993,0.869213164
8.00E-02,0.579999983,0.958094895
8.00E-02,0.589999974,0.998748243
8.00E-02,0.600000024,1.01294482
8.00E-02,0.610000014,1.01658356
8.00E-02,0.620000005,1.01710284
8.00E-02,0.629999995,1.01695871
8.00E-02,0.639999986,1.01674104
8.00E-02,0.649999976,1.01654971
8.00E-02,0.659999967,1.01639223
8.00E-02,0.670000017,1.01626754
8.00E-02,0.680000007,1.01617098
8.00E-02,0.689999998,1.016101
8.00E-02,0.699999988,1.01604772
0.119999945,0.5,0
0.119999945,0.50999999,-4.08E-03
0.119999945,0.519999981,5.68E-02
0.119999945,0.529999971,0.176316857
0.119999945,0.540000021,0.345864892
0.119999945,0.550000012,0.544515789
0.119999945,0.560000002,0.733496547
0.119999945,0.569999993,0.875947893
0.119999945,0.579999983,0.959750593
0.119999945,0.589999974,0.997993529
0.119999945,0.600000024,1.01146233
0.119999945,0.610000014,1.01503742
0.119999945,0.620000005,1.01564753
0.119999945,0.629999995,1.01560068
0.119999945,0.639999986,1.01545894
0.119999945,0.649999976,1.0153234
0.119999945,0.659999967,1.01521122
0.119999945,0.670000017,1.01511741
0.119999945,0.680000007,1.01503813
0.119999945,0.689999998,1.01497424
0.119999945,0.699999988,1.01492369
0.159999967,0.5,0
0.159999967,0.50999999,2.52E-03
0.159999967,0.519999981,7.06E-02
0.159999967,0.529999971,0.196528241
0.159999967,0.540000021,0.368872643
0.159999967,0.550000012,0.564891696
0.159999967,0.560000002,0.747248173
0.159999967,0.569999993,0.882453561
0.159999967,0.579999983,0.961155891
0.159999967,0.589999974,0.996978998
0.159999967,0.600000024,1.00968111
0.159999967,0.610000014,1.01315498
0.159999967,0.620000005,1.01384282
0.159999967,0.629999995,1.01390064
0.159999967,0.639999986,1.01385045
0.159999967,0.649999976,1.0137918
0.159999967,0.659999967,1.01374173
0.159999967,0.670000017,1.01370025
0.159999967,0.680000007,1.01367319
0.159999967,0.689999998,1.01364851
0.159999967,0.699999988,1.01362991
0.199999988,0.5,0
0.199999988,0.50999999,1.07E-02
0.199999988,0.519999981,8.59E-02
0.199999988,0.529999971,0.217460707
0.199999988,0.540000021,0.391793519
0.199999988,0.550000012,0.584695578
0.199999988,0.560000002,0.760368347
0.199999988,0.569999993,0.888520718
0.199999988,0.579999983,0.9623698
0.199999988,0.589999974,0.995847702
0.199999988,0.600000024,1.00779366
0.199999988,0.610000014,1.01116371
0.199999988,0.620000005,1.01191616
0.199999988,0.629999995,1.01205921
0.199999988,0.639999986,1.01209223
0.199999988,0.649999976,1.01211417
0.199999988,0.659999967,1.01213872
0.199999988,0.670000017,1.01215911
0.199999988,0.680000007,1.01218128
0.199999988,0.689999998,1.01221049
0.199999988,0.699999988,1.01223755
0.23999995,0.5,0
0.23999995,0.50999999,2.02E-02
0.23999995,0.519999981,0.102367997
0.23999995,0.529999971,0.238679141
0.23999995,0.540000021,0.414135128
0.23999995,0.550000012,0.603692174
0.23999995,0.560000002,0.772729516
0.23999995,0.569999993,0.894122064
0.23999995,0.579999983,0.963370919
0.23999995,0.589999974,0.994678259
0.23999995,0.600000024,1.00592053
0.23999995,0.610000014,1.00917196
0.23999995,0.620000005,1.00997794
0.23999995,0.629999995,1.01020777
0.23999995,0.639999986,1.01031852
0.23999995,0.649999976,1.01040971
0.23999995,0.659999967,1.01049864
0.23999995,0.670000017,1.01058388
0.23999995,0.680000007,1.01066184
0.23999995,0.689999998,1.01073742
0.23999995,0.699999988,1.01081228
0.279999912,0.5,0
0.279999912,0.50999999,3.06E-02
0.279999912,0.519999981,0.119456217
0.279999912,0.529999971,0.259699672
0.279999912,0.540000021,0.435729563
0.279999912,0.550000012,0.621558368
0.279999912,0.560000002,0.784056067
0.279999912,0.569999993,0.899138033
0.279999912,0.579999983,0.964204967
0.279999912,0.589999974,0.99352777
0.279999912,0.600000024,1.00412941
0.279999912,0.610000014,1.00727463
0.279999912,0.620000005,1.0081234
0.279999912,0.629999995,1.00841796
0.279999912,0.639999986,1.00859976
0.279999912,0.649999976,1.00875461
0.279999912,0.659999967,1.00889921
0.279999912,0.670000017,1.00904107
0.279999912,0.680000007,1.00917149
0.279999912,0.689999998,1.00929379
0.279999912,0.699999988,1.00941074
0.319999993,0.5,0
0.319999993,0.50999999,4.17E-02
0.319999993,0.519999981,0.136926308
0.319999993,0.529999971,0.280353308
0.319999993,0.540000021,0.456134021
0.319999993,0.550000012,0.638036966
0.319999993,0.560000002,0.794404387
0.319999993,0.569999993,0.903607309
0.319999993,0.579999983,0.964881778
0.319999993,0.589999974,0.992443919
0.319999993,0.600000024,1.00246751
0.319999993,0.610000014,1.00551724
0.319999993,0.620000005,1.00640154
0.319999993,0.629999995,1.00674927
0.319999993,0.639999986,1.00698662
0.319999993,0.649999976,1.00719881
0.319999993,0.659999967,1.00739384
0.319999993,0.670000017,1.00757861
0.319999993,0.680000007,1.00775778
0.319999993,0.689999998,1.00792253
0.319999993,0.699999988,1.00807822
0.359999955,0.5,0
0.359999955,0.50999999,5.31E-02
0.359999955,0.519999981,0.154250339
0.359999955,0.529999971,0.3001692
0.359999955,0.540000021,0.475310028
0.359999955,0.550000012,0.653142214
0.359999955,0.560000002,0.803635538
0.359999955,0.569999993,0.90755868
0.359999955,0.579999983,0.965451598
0.359999955,0.589999974,0.991459191
0.359999955,0.600000024,1.00098288
0.359999955,0.610000014,1.00393963
0.359999955,0.620000005,1.00484967
0.359999955,0.629999995,1.00524187
0.359999955,0.639999986,1.00552237
0.359999955,0.649999976,1.00577497
0.359999955,0.659999967,1.00601375
0.359999955,0.670000017,1.00623631
0.359999955,0.680000007,1.00645006
0.359999955,0.689999998,1.00665152
0.359999955,0.699999988,1.00684023
0.399999917,0.5,0
0.399999917,0.50999999,6.44E-02
0.399999917,0.519999981,0.171256885
0.399999917,0.529999971,0.31904456
0.399999917,0.540000021,0.492962927
0.399999917,0.550000012,0.666800201
0.399999917,0.560000002,0.811865151
0.399999917,0.569999993,0.910992086
0.399999917,0.579999983,0.965926528
0.399999917,0.589999974,0.990595937
0.399999917,0.600000024,0.999689341
0.399999917,0.610000014,1.0025667
0.399999917,0.620000005,1.00348747
0.399999917,0.629999995,1.00391555
0.399999917,0.639999986,1.00422812
0.399999917,0.649999976,1.00451052
0.399999917,0.659999967,1.00478172
0.399999917,0.670000017,1.00503361
0.399999917,0.680000007,1.00527215
0.399999917,0.689999998,1.00550342
0.399999917,0.699999988,1.00571835
0.439999998,0.5,0
0.439999998,0.50999999,7.56E-02
0.439999998,0.519999981,0.187529758
0.439999998,0.529999971,0.336694568
0.439999998,0.540000021,0.509101212
0.439999998,0.550000012,0.678992867
0.439999998,0.560000002,0.819068551
0.439999998,0.569999993,0.913968563
0.439999998,0.579999983,0.966338873
0.439999998,0.589999974,0.989867628
0.439999998,0.600000024,0.998594105
0.439999998,0.610000014,1.00140238
0.439999998,0.620000005,1.00233066
0.439999998,0.629999995,1.00277698
0.439999998,0.639999986,1.00311315
0.439999998,0.649999976,1.00341737
0.439999998,0.659999967,1.00370717
0.439999998,0.670000017,1.0039804
0.439999998,0.680000007,1.0042392
0.439999998,0.689999998,1.00448871
0.439999998,0.699999988,1.00472224
0.479999959,0.5,0
0.479999959,0.50999999,8.62E-02
0.479999959,0.519999981,0.202987939
0.479999959,0.529999971,0.353035778
0.479999959,0.540000021,0.523773313
0.479999959,0.550000012,0.689801276
0.479999959,0.560000002,0.825343907
0.479999959,0.569999993,0.916551769
0.479999959,0.579999983,0.966704428
0.479999959,0.589999974,0.989273965
0.479999959,0.600000024,0.997696579
0.479999959,0.610000014,1.00044477
0.479999959,0.620000005,1.00137341
0.479999959,0.629999995,1.00182867
0.479999959,0.639999986,1.00217867
0.479999959,0.649999976,1.0024941
0.479999959,0.659999967,1.00279284
0.479999959,0.670000017,1.00308001
0.479999959,0.680000007,1.00335062
0.479999959,0.689999998,1.00361073
0.479999959,0.699999988,1.00385725
0.519999921,0.5,0
0.519999921,0.50999999,9.61E-02
0.519999921,0.519999981,0.217352539
0.519999921,0.529999971,0.368017465
0.519999921,0.540000021,0.53687346
0.519999921,0.550000012,0.699340284
0.519999921,0.560000002,0.83076179
0.519999921,0.569999993,0.918742239
0.519999921,0.579999983,0.967035294
0.519999921,0.589999974,0.988808095
0.519999921,0.600000024,0.996985614
0.519999921,0.610000014,0.999680996
0.519999921,0.620000005,1.00060666
0.519999921,0.629999995,1.00106478
0.519999921,0.639999986,1.0014168
0.519999921,0.649999976,1.00173569
0.519999921,0.659999967,1.00203896
0.519999921,0.670000017,1.00232923
0.519999921,0.680000007,1.00260484
0.519999921,0.689999998,1.00287032
0.519999921,0.699999988,1.00312197
0.560000002,0.5,0
0.560000002,0.50999999,0.105286717
0.560000002,0.519999981,0.23060365
0.560000002,0.529999971,0.381693572
0.560000002,0.540000021,0.548526406
0.560000002,0.550000012,0.707609773
0.560000002,0.560000002,0.835399687
0.560000002,0.569999993,0.920591652
0.560000002,0.579999983,0.967329144
0.560000002,0.589999974,0.988456309
0.560000002,0.600000024,0.996441543
0.560000002,0.610000014,0.999095082
0.560000002,0.620000005,1.00001431
0.560000002,0.629999995,1.00046849
0.560000002,0.639999986,1.00081527
0.560000002,0.649999976,1.00113106
0.560000002,0.659999967,1.00143087
0.560000002,0.670000017,1.00171995
0.560000002,0.680000007,1.00199449
0.560000002,0.689999998,1.00225902
0.560000002,0.699999988,1.00251055
0.599999964,0.5,0
0.599999964,0.50999999,0.113608412
0.599999964,0.519999981,0.242689133
0.599999964,0.529999971,0.393969029
0.599999964,0.540000021,0.55881083
0.599999964,0.550000012,0.714751303
0.599999964,0.560000002,0.839334011
0.599999964,0.569999993,0.922130883
0.599999964,0.579999983,0.967582464
0.599999964,0.589999974,0.988201976
0.599999964,0.600000024,0.996043742
0.599999964,0.610000014,0.998667955
0.599999964,0.620000005,0.999577343
0.599999964,0.629999995,1.00002253
0.599999964,0.639999986,1.00035965
0.599999964,0.649999976,1.00066626
0.599999964,0.659999967,1.00095797
0.599999964,0.670000017,1.00123954
0.599999964,0.680000007,1.00150812
0.599999964,0.689999998,1.00176728
0.599999964,0.699999988,1.0020144
0.639999926,0.5,0
0.639999926,0.50999999,0.121067531
0.639999926,0.519999981,0.253604025
0.639999926,0.529999971,0.404950827
0.639999926,0.540000021,0.567874134
0.639999926,0.550000012,0.72086376
0.639999926,0.560000002,0.842602491
0.639999926,0.569999993,0.92338562
0.639999926,0.579999983,0.967793703
0.639999926,0.589999974,0.988025606
0.639999926,0.600000024,0.995769083
0.639999926,0.610000014,0.998375177
0.639999926,0.620000005,0.999275029
0.639999926,0.629999995,0.999707878
0.639999926,0.639999986,1.00003099
0.639999926,0.649999976,1.00032461
0.639999926,0.659999967,1.00060439
0.639999926,0.670000017,1.00087452
0.639999926,0.680000007,1.00113332
0.639999926,0.689999998,1.00138342
0.639999926,0.699999988,1.00162268
0.680000007,0.5,0
0.680000007,0.50999999,0.127675548
0.680000007,0.519999981,0.263409078
0.680000007,0.529999971,0.414712876
0.680000007,0.540000021,0.575719416
0.680000007,0.550000012,0.726045847
0.680000007,0.560000002,0.845288873
0.680000007,0.569999993,0.924378991
0.680000007,0.579999983,0.96795696
0.680000007,0.589999974,0.987909317
0.680000007,0.600000024,0.995594978
0.680000007,0.610000014,0.998194814
0.680000007,0.620000005,0.999086201
0.680000007,0.629999995,0.999504924
0.680000007,0.639999986,0.99981153
0.680000007,0.649999976,1.00008905
0.680000007,0.659999967,1.00035417
0.680000007,0.670000017,1.00061023
0.680000007,0.680000007,1.0008564
0.680000007,0.689999998,1.0010947
0.680000007,0.699999988,1.00132346
0.719999969,0.5,0
0.719999969,0.50999999,0.133466408
0.719999969,0.519999981,0.272078991
0.719999969,0.529999971,0.423336506
0.719999969,0.540000021,0.582510412
0.719999969,0.550000012,0.730390906
0.719999969,0.560000002,0.847450376
0.719999969,0.569999993,0.925129354
0.719999969,0.579999983,0.968065619
0.719999969,0.589999974,0.987832785
0.719999969,0.600000024,0.995499909
0.719999969,0.610000014,0.998105407
0.719999969,0.620000005,0.998990774
0.719999969,0.629999995,0.999394655
0.719999969,0.639999986,0.999683142
0.719999969,0.649999976,0.999943078
0.719999969,0.659999967,1.00019157
0.719999969,0.670000017,1.00043178
0.719999969,0.680000007,1.000664
0.719999969,0.689999998,1.00088823
0.719999969,0.699999988,1.00110459
0.759999931,0.5,0
0.759999931,0.50999999,0.138493598
0.759999931,0.519999981,0.279716492
0.759999931,0.529999971,0.430909127
0.759999931,0.540000021,0.588342488
0.759999931,0.550000012,0.73398906
0.759999931,0.560000002,0.849140286
0.759999931,0.569999993,0.925657451
0.759999931,0.579999983,0.968114018
0.759999931,0.589999974,0.987780452
0.759999931,0.600000024,0.995464385
0.759999931,0.610000014,0.998087764
0.759999931,0.620000005,0.998970389
0.759999931,0.629999995,0.999359548
0.759999931,0.639999986,0.999629378
0.759999931,0.649999976,0.999870837
0.759999931,0.659999967,1.0001018
0.759999931,0.670000017,1.0003252
0.759999931,0.680000007,1.00054181
0.759999931,0.689999998,1.00075126
0.759999931,0.699999988,1.00095463
0.799999893,0.5,0
0.799999893,0.50999999,0.142814726
0.799999893,0.519999981,0.286393255
0.799999893,0.529999971,0.43751958
0.799999893,0.540000021,0.593314528
0.799999893,0.550000012,0.736918509
0.799999893,0.560000002,0.850408018
0.799999893,0.569999993,0.925978243
0.799999893,0.579999983,0.968098104
0.799999893,0.589999974,0.98773855
0.799999893,0.600000024,0.995471537
0.799999893,0.610000014,0.998124361
0.799999893,0.620000005,0.999008238
0.799999893,0.629999995,0.999383986
0.799999893,0.639999986,0.999635458
0.799999893,0.649999976,0.999858141
0.799999893,0.659999967,1.00007093
0.799999893,0.670000017,1.0002774
0.799999893,0.680000007,1.00047779
0.799999893,0.689999998,1.00067222
0.799999893,0.699999988,1.00086105
0.839999974,0.5,0
0.839999974,0.50999999,0.146497399
0.839999974,0.519999981,0.292188019
0.839999974,0.529999971,0.443255037
0.839999974,0.540000021,0.597518265
0.839999974,0.550000012,0.73925966
0.839999974,0.560000002,0.851298392
0.839999974,0.569999993,0.926107466
0.839999974,0.579999983,0.968014121
0.839999974,0.589999974,0.987694383
0.839999974,0.600000024,0.995506585
0.839999974,0.610000014,0.998200297
0.839999974,0.620000005,0.999090314
0.839999974,0.629999995,0.999453723
0.839999974,0.639999986,0.99968785
0.839999974,0.649999976,0.999892235
0.839999974,0.659999967,1.00008714
0.839999974,0.670000017,1.00027668
0.839999974,0.680000007,1.00046086
0.839999974,0.689999998,1.00064015
0.839999974,0.699999988,1.00081468
0.879999936,0.5,0
0.879999936,0.50999999,0.149607733
0.879999936,0.519999981,0.297180772
0.879999936,0.529999971,0.448197454
0.879999936,0.540000021,0.601040184
0.879999936,0.550000012,0.741076946
0.879999936,0.560000002,0.851851881
0.879999936,0.569999993,0.926059127
0.879999936,0.579999983,0.967860162
0.879999936,0.589999974,0.987639189
0.879999936,0.600000024,0.995557249
0.879999936,0.610000014,0.998304009
0.879999936,0.620000005,0.999204218
0.879999936,0.629999995,0.999557555
0.879999936,0.639999986,0.999775231
0.879999936,0.649999976,0.999961674
0.879999936,0.659999967,1.00013983
0.879999936,0.670000017,1.00031257
0.879999936,0.680000007,1.00048125
0.879999936,0.689999998,1.00064564
0.879999936,0.699999988,1.00080574
0.919999897,0.5,0
0.919999897,0.50999999,0.152210623
0.919999897,0.519999981,0.301449478
0.919999897,0.529999971,0.452427655
0.919999897,0.540000021,0.603953481
0.919999897,0.550000012,0.742433488
0.919999897,0.560000002,0.852104247
0.919999897,0.569999993,0.925848186
0.919999897,0.579999983,0.967634797
0.919999897,0.589999974,0.987564445
0.919999897,0.600000024,0.995613515
0.919999897,0.610000014,0.99842447
0.919999897,0.620000005,0.999339819
0.919999897,0.629999995,0.999685645
0.919999897,0.639999986,0.999888241
0.919999897,0.649999976,1.00005805
0.919999897,0.659999967,1.00021982
0.919999897,0.670000017,1.0003767
0.919999897,0.680000007,1.00053048
0.919999897,0.689999998,1.00068021
0.919999897,0.699999988,1.00082684
0.959999979,0.5,0
0.959999979,0.50999999,0.15436691
0.959999979,0.519999981,0.305066228
0.959999979,0.529999971,0.456016421
0.959999979,0.540000021,0.606330752
0.959999979,0.550000012,0.743383229
0.959999979,0.560000002,0.852090955
0.959999979,0.569999993,0.92548722
0.959999979,0.579999983,0.967339218
0.959999979,0.589999974,0.987464309
0.959999979,0.600000024,0.995666862
0.959999979,0.610000014,0.998553336
0.959999979,0.620000005,0.999488473
0.959999979,0.629999995,0.99982959
0.959999979,0.639999986,1.00001848
0.959999979,0.649999976,1.00017297
0.959999979,0.659999967,1.00031912
0.959999979,0.670000017,1.00046146
0.959999979,0.680000007,1.00060081
0.959999979,0.689999998,1.00073707
0.959999979,0.699999988,1.00087035
0.99999994,0.5,0
0.99999994,0.50999999,0.156134591
0.99999994,0.519999981,0.308104068
0.99999994,0.529999971,0.459032744
0.99999994,0.540000021,0.608217716
0.99999994,0.550000012,0.743976891
0.99999994,0.560000002,0.851835489
0.99999994,0.569999993,0.924988508
0.99999994,0.579999983,0.966972709
0.99999994,0.589999974,0.987334371
0.99999994,0.600000024,0.995711923
0.99999994,0.610000014,0.998683929
0.99999994,0.620000005,0.999644279
0.99999994,0.629999995,0.999983013
0.99999994,0.639999986,1.00015974
0.99999994,0.649999976,1.00030041
0.99999994,0.659999967,1.00043201
0.99999994,0.670000017,1.00056076
0.99999994,0.680000007,1.00068641
0.99999994,0.689999998,1.00081015
0.99999994,0.699999988,1.00093102
1.03999996,0.5,0
1.03999996,0.50999999,0.157559574
1.03999996,0.519999981,0.310616076
1.03999996,0.529999971,0.461536288
1.03999996,0.540000021,0.60970068
1.03999996,0.550000012,0.74425739
1.03999996,0.560000002,0.851376057
1.03999996,0.569999993,0.924363971
1.03999996,0.579999983,0.966540217
1.03999996,0.589999974,0.987171352
1.03999996,0.600000024,0.995743632
1.03999996,0.610000014,0.998811185
1.03999996,0.620000005,0.999801695
1.03999996,0.629999995,1.00014079
1.03999996,0.639999986,1.0003072
1.03999996,0.649999976,1.00043488
1.03999996,0.659999967,1.00055337
1.03999996,0.670000017,1.00066948
1.03999996,0.680000007,1.00078273
1.03999996,0.689999998,1.00089419
1.03999996,0.699999988,1.00100362
1.07999992,0.5,0
1.07999992,0.50999999,0.158694372
1.07999992,0.519999981,0.312685013
1.07999992,0.529999971,0.463584065
1.07999992,0.540000021,0.61081028
1.07999992,0.550000012,0.74426204
1.07999992,0.560000002,0.850731075
1.07999992,0.569999993,0.923624635
1.07999992,0.579999983,0.966041803
1.07999992,0.589999974,0.986973405
1.07999992,0.600000024,0.995758414
1.07999992,0.610000014,0.998930037
1.07999992,0.620000005,0.999956608
1.07999992,0.629999995,1.00029802
1.07999992,0.639999986,1.00045633
1.07999992,0.649999976,1.00057209
1.07999992,0.659999967,1.00067914
1.07999992,0.670000017,1.00078297
1.07999992,0.680000007,1.00088525
1.07999992,0.689999998,1.0009855
1.07999992,0.699999988,1.00108445
1.11999989,0.5,0
1.11999989,0.50999999,0.159573779
1.11999989,0.519999981,0.314351529
1.11999989,0.529999971,0.465226352
1.11999989,0.540000021,0.61159122
1.11999989,0.550000012,0.744023383
1.11999989,0.560000002,0.849921525
1.11999989,0.569999993,0.922780275
1.11999989,0.579999983,0.965480804
1.11999989,0.589999974,0.986739814
1.11999989,0.600000024,0.995753288
1.11999989,0.610000014,0.999039233
1.11999989,0.620000005,1.00010586
1.11999989,0.629999995,1.00045276
1.11999989,0.639999986,1.00060427
1.11999989,0.649999976,1.00070965
1.11999989,0.659999967,1.00080562
1.11999989,0.670000017,1.00089872
1.11999989,0.680000007,1.00099051
1.11999989,0.689999998,1.00108087
1.11999989,0.699999988,1.00116968
1.15999985,0.5,0
1.15999985,0.50999999,0.160237715
1.15999985,0.519999981,0.315665781
1.15999985,0.529999971,0.466499686
1.15999985,0.540000021,0.612082064
1.15999985,0.550000012,0.743581235
1.15999985,0.560000002,0.848966837
1.15999985,0.569999993,0.921842933
1.15999985,0.579999983,0.964859664
1.15999985,0.589999974,0.986469805
1.15999985,0.600000024,0.995726347
1.15999985,0.610000014,0.999135554
1.15999985,0.620000005,1.00024641
1.15999985,0.629999995,1.00060213
1.15999985,0.639999986,1.00074768
1.15999985,0.649999976,1.00084448
1.15999985,0.659999967,1.00093043
1.15999985,0.670000017,1.00101423
1.15999985,0.680000007,1.00109625
1.15999985,0.689999998,1.00117755
1.15999985,0.699999988,1.00125742
1.20000005,0.5,0
1.20000005,0.50999999,0.160712332
1.20000005,0.519999981,0.316669285
1.20000005,0.529999971,0.467461944
1.20000005,0.540000021,0.612315178
1.20000005,0.550000012,0.74295336
1.20000005,0.560000002,0.847884357
1.20000005,0.569999993,0.920819283
1.20000005,0.579999983,0.9641819
1.20000005,0.589999974,0.986163437
1.20000005,0.600000024,0.995676637
1.20000005,0.610000014,0.999217451
1.20000005,0.620000005,1.00037813
1.20000005,0.629999995,1.00074422
1.20000005,0.639999986,1.0008862
1.20000005,0.649999976,1.00097489
1.20000005,0.659999967,1.00105226
1.20000005,0.670000017,1.00112665
1.20000005,0.680000007,1.00120068
1.20000005,0.689999998,1.00127316
1.20000005,0.699999988,1.00134516
1.24000001,0.5,0
1.24000001,0.50999999,0.161032721
1.24000001,0.519999981,0.317404658
1.24000001,0.529999971,0.468140244
1.24000001,0.540000021,0.612319887
1.24000001,0.550000012,0.742164791
1.24000001,0.560000002,0.846693158
1.24000001,0.569999993,0.919718027
1.24000001,0.579999983,0.963451564
1.24000001,0.589999974,0.98582083
1.24000001,0.600000024,0.995603621
1.24000001,0.610000014,0.999283314
1.24000001,0.620000005,1.00049877
1.24000001,0.629999995,1.00087786
1.24000001,0.639999986,1.00101805
1.24000001,0.649999976,1.00109959
1.24000001,0.659999967,1.00116932
1.24000001,0.670000017,1.00123584
1.24000001,0.680000007,1.00130153
1.24000001,0.689999998,1.00136685
1.24000001,0.699999988,1.00143099
1.27999997,0.5,0
1.27999997,0.50999999,0.161216691
1.27999997,0.519999981,0.31790024
1.27999997,0.529999971,0.468567431
1.27999997,0.540000021,0.612128794
1.27999997,0.550000012,0.741233647
1.27999997,0.560000002,0.845402896
1.27999997,0.569999993,0.91854775
1.27999997,0.579999983,0.962670505
1.27999997,0.589999974,0.985443592
1.27999997,0.600000024,0.995506942
1.27999997,0.610000014,0.99933368
1.27999997,0.620000005,1.00060773
1.27999997,0.629999995,1.00100255
1.27999997,0.639999986,1.00114179
1.27999997,0.649999976,1.00121784
1.27999997,0.659999967,1.00128007
1.27999997,0.670000017,1.00133991
1.27999997,0.680000007,1.00139868
1.27999997,0.689999998,1.00145686
1.27999997,0.699999988,1.00151467
1.31999993,0.5,0
1.31999993,0.50999999,0.161286458
1.31999993,0.519999981,0.318195075
1.31999993,0.529999971,0.468769222
1.31999993,0.540000021,0.611760259
1.31999993,0.550000012,0.740183711
1.31999993,0.560000002,0.844027638
1.31999993,0.569999993,0.917314887
1.31999993,0.579999983,0.961842716
1.31999993,0.589999974,0.985032141
1.31999993,0.600000024,0.995386183
1.31999993,0.610000014,0.999367535
1.31999993,0.620000005,1.00070441
1.31999993,0.629999995,1.00111794
1.31999993,0.639999986,1.00125754
1.31999993,0.649999976,1.00132859
1.31999993,0.659999967,1.00138497
1.31999993,0.670000017,1.00143814
1.31999993,0.680000007,1.00149083
1.31999993,0.689999998,1.00154269
1.31999993,0.699999988,1.00159442
1.3599999,0.5,0
1.3599999,0.50999999,0.161258966
1.3599999,0.519999981,0.318310618
1.3599999,0.529999971,0.468780339
1.3599999,0.540000021,0.611234725
1.3599999,0.550000012,0.739026189
1.3599999,0.560000002,0.842579067
1.3599999,0.569999993,0.9160254
1.3599999,0.579999983,0.960971594
1.3599999,0.589999974,0.984587431
1.3599999,0.600000024,0.995242119
1.3599999,0.610000014,0.999384463
1.3599999,0.620000005,1.0007894
1.3599999,0.629999995,1.00122297
1.3599999,0.639999986,1.00136507
1.3599999,0.649999976,1.00143206
1.3599999,0.659999967,1.00148308
1.3599999,0.670000017,1.00153041
1.3599999,0.680000007,1.00157714
1.3599999,0.689999998,1.00162375
1.3599999,0.699999988,1.00166965
1.4000001,0.5,0
1.4000001,0.50999999,0.161150575
1.4000001,0.519999981,0.318270475
1.4000001,0.529999971,0.468617558
1.4000001,0.540000021,0.610571086
1.4000001,0.550000012,0.737774789
1.4000001,0.560000002,0.841065526
1.4000001,0.569999993,0.91468668
1.4000001,0.579999983,0.960059226
1.4000001,0.589999974,0.984111726
1.4000001,0.600000024,0.995074987
1.4000001,0.610000014,0.999385297
1.4000001,0.620000005,1.00086188
1.4000001,0.629999995,1.00131857
1.4000001,0.639999986,1.00146365
1.4000001,0.649999976,1.00152791
1.4000001,0.659999967,1.0015738
1.4000001,0.670000017,1.00161624
1.4000001,0.680000007,1.00165808
1.4000001,0.689999998,1.00169945
1.4000001,0.699999988,1.00174057
1.44000006,0.5,0
1.44000006,0.50999999,0.160972744
1.44000006,0.519999981,0.318099707
1.44000006,0.529999971,0.468304187
1.44000006,0.540000021,0.609787464
1.44000006,0.550000012,0.736444294
1.44000006,0.560000002,0.83949554
1.44000006,0.569999993,0.913302898
1.44000006,0.579999983,0.959109068
1.44000006,0.589999974,0.983605325
1.44000006,0.600000024,0.994885206
1.44000006,0.610000014,0.99936986
1.44000006,0.620000005,1.00092232
1.44000006,0.629999995,1.00140452
1.44000006,0.639999986,1.00155401
1.44000006,0.649999976,1.00161564
1.44000006,0.659999967,1.00165772
1.44000006,0.670000017,1.00169551
1.44000006,0.680000007,1.00173283
1.44000006,0.689999998,1.00176978
1.44000006,0.699999988,1.00180638
1.48000002,0.5,0
1.48000002,0.50999999,0.160734877
1.48000002,0.519999981,0.317812353
1.48000002,0.529999971,0.467854798
1.48000002,0.540000021,0.608896017
1.48000002,0.550000012,0.735042453
1.48000002,0.560000002,0.837878108
1.48000002,0.569999993,0.911878943
1.48000002,0.579999983,0.958125174
1.48000002,0.589999974,0.983070076
1.48000002,0.600000024,0.994673669
1.48000002,0.610000014,0.999338388
1.48000002,0.620000005,1.00097096
1.48000002,0.629999995,1.00148046
1.48000002,0.639999986,1.00163603
1.48000002,0.649999976,1.00169635
1.48000002,0.659999967,1.0017345
1.48000002,0.670000017,1.00176859
1.48000002,0.680000007,1.00180149
1.48000002,0.689999998,1.00183451
1.48000002,0.699999988,1.00186718
1.51999998,0.5,0
1.51999998,0.50999999,0.160451427
1.51999998,0.519999981,0.317424953
1.51999998,0.529999971,0.46729064
1.51999998,0.540000021,0.607910216
1.51999998,0.550000012,0.733579159
1.51999998,0.560000002,0.836218715
1.51999998,0.569999993,0.910421133
1.51999998,0.579999983,0.957107663
1.51999998,0.589999974,0.982507288
1.51999998,0.600000024,0.994440496
1.51999998,0.610000014,0.999291599
1.51999998,0.620000005,1.00100791
1.51999998,0.629999995,1.00154757
1.51999998,0.639999986,1.00171018
1.51999998,0.649999976,1.00176942
1.51999998,0.659999967,1.00180483
1.51999998,0.670000017,1.00183499
1.51999998,0.680000007,1.00186455
1.51999998,0.689999998,1.00189376
1.51999998,0.699999988,1.00192308
1.55999994,0.5,0
1.55999994,0.50999999,0.160125941
1.55999994,0.519999981,0.316953242
1.55999994,0.529999971,0.466621757
1.55999994,0.540000021,0.606841505
1.55999994,0.550000012,0.732065082
1.55999994,0.560000002,0.83452332
1.55999994,0.569999993,0.908931911
1.55999994,0.579999983,0.956061721
1.55999994,0.589999974,0.981917918
1.55999994,0.600000024,0.994187057
1.55999994,0.610000014,0.99922955
1.55999994,0.620000005,1.00103402
1.55999994,0.629999995,1.00160551
1.55999994,0.639999986,1.00177646
1.55999994,0.649999976,1.0018357
1.55999994,0.659999967,1.00186825
1.55999994,0.670000017,1.00189555
1.55999994,0.680000007,1.00192153
1.55999994,0.689999998,1.00194776
1.55999994,0.699999988,1.00197363
1.5999999,0.5,0
1.5999999,0.50999999,0.159766048
1.5999999,0.519999981,0.316407233
1.5999999,0.529999971,0.46586439
1.5999999,0.540000021,0.605699778
1.5999999,0.550000012,0.730503619
1.5999999,0.560000002,0.83280021
1.5999999,0.569999993,0.907413721
1.5999999,0.579999983,0.954987288
1.5999999,0.589999974,0.981304169
1.5999999,0.600000024,0.993913472
1.5999999,0.610000014,0.999153018
1.5999999,0.620000005,1.00104892
1.5999999,0.629999995,1.0016551
1.5999999,0.639999986,1.00183523
1.5999999,0.649999976,1.00189519
1.5999999,0.659999967,1.00192559
1.5999999,0.670000017,1.00194991
1.5999999,0.680000007,1.00197327
1.5999999,0.689999998,1.0019964
1.5999999,0.699999988,1.00201941
0,0,0
