 -0.800000012     ,  0.500000000     ,   0.00000000    
 -0.800000012     ,  0.509999990     ,   0.00000000    
 -0.800000012     ,  0.519999981     ,   0.00000000    
 -0.800000012     ,  0.529999971     ,   0.00000000    
 -0.800000012     ,  0.540000021     ,   5.42526244E-20
 -0.800000012     ,  0.550000012     ,   0.00000000    
 -0.800000012     ,  0.560000002     ,   6.84663933E-03
 -0.800000012     ,  0.569999993     ,   4.22118884E-03
 -0.800000012     ,  0.579999983     ,   3.51510057E-03
 -0.800000012     ,  0.589999974     ,   2.86004553E-03
 -0.800000012     ,  0.600000024     ,   2.20189104E-03
 -0.800000012     ,  0.610000014     ,   2.20546732E-03
 -0.800000012     ,  0.620000005     ,   1.81024079E-03
 -0.800000012     ,  0.629999995     ,   1.51124003E-03
 -0.800000012     ,  0.639999986     ,   1.48141384E-03
 -0.800000012     ,  0.649999976     ,   1.45406718E-03
 -0.800000012     ,  0.659999967     ,   1.41980650E-03
 -0.800000012     ,  0.670000017     ,   1.38642790E-03
 -0.800000012     ,  0.680000007     ,   1.36184692E-03
 -0.800000012     ,  0.689999998     ,   1.32393837E-03
 -0.800000012     ,  0.699999988     ,   1.29580498E-03
  
 -0.759999990     ,  0.500000000     ,   0.00000000    
 -0.759999990     ,  0.509999990     ,   0.00000000    
 -0.759999990     ,  0.519999981     ,   0.00000000    
 -0.759999990     ,  0.529999971     ,   0.00000000    
 -0.759999990     ,  0.540000021     ,   0.00000000    
 -0.759999990     ,  0.550000012     ,   5.42526244E-20
 -0.759999990     ,  0.560000002     ,   7.52156368E-03
 -0.759999990     ,  0.569999993     ,   7.78632145E-03
 -0.759999990     ,  0.579999983     ,   3.27727804E-03
 -0.759999990     ,  0.589999974     ,   2.09617615E-03
 -0.759999990     ,  0.600000024     ,   2.03492632E-03
 -0.759999990     ,  0.610000014     ,   1.81732175E-03
 -0.759999990     ,  0.620000005     ,   1.72932143E-03
 -0.759999990     ,  0.629999995     ,   1.69689651E-03
 -0.759999990     ,  0.639999986     ,   1.66499615E-03
 -0.759999990     ,  0.649999976     ,   1.61371229E-03
 -0.759999990     ,  0.659999967     ,   1.58216956E-03
 -0.759999990     ,  0.670000017     ,   1.53868203E-03
 -0.759999990     ,  0.680000007     ,   1.50160794E-03
 -0.759999990     ,  0.689999998     ,   1.46014686E-03
 -0.759999990     ,  0.699999988     ,   1.41501427E-03
  
 -0.720000029     ,  0.500000000     ,   0.00000000    
 -0.720000029     ,  0.509999990     ,   0.00000000    
 -0.720000029     ,  0.519999981     ,   0.00000000    
 -0.720000029     ,  0.529999971     ,   0.00000000    
 -0.720000029     ,  0.540000021     ,   0.00000000    
 -0.720000029     ,  0.550000012     ,   5.42526244E-20
 -0.720000029     ,  0.560000002     ,   6.53640321E-03
 -0.720000029     ,  0.569999993     ,   4.63504810E-03
 -0.720000029     ,  0.579999983     ,   4.18596249E-03
 -0.720000029     ,  0.589999974     ,   2.78980727E-03
 -0.720000029     ,  0.600000024     ,   3.29070096E-03
 -0.720000029     ,  0.610000014     ,   2.90710921E-03
 -0.720000029     ,  0.620000005     ,   2.12409487E-03
 -0.720000029     ,  0.629999995     ,   1.91776757E-03
 -0.720000029     ,  0.639999986     ,   1.85482507E-03
 -0.720000029     ,  0.649999976     ,   1.79843907E-03
 -0.720000029     ,  0.659999967     ,   1.73985958E-03
 -0.720000029     ,  0.670000017     ,   1.68316369E-03
 -0.720000029     ,  0.680000007     ,   1.62646768E-03
 -0.720000029     ,  0.689999998     ,   1.57346728E-03
 -0.720000029     ,  0.699999988     ,   1.53033738E-03
  
 -0.680000007     ,  0.500000000     ,   0.00000000    
 -0.680000007     ,  0.509999990     ,   0.00000000    
 -0.680000007     ,  0.519999981     ,   0.00000000    
 -0.680000007     ,  0.529999971     ,   0.00000000    
 -0.680000007     ,  0.540000021     ,   0.00000000    
 -0.680000007     ,  0.550000012     ,   5.42526244E-20
 -0.680000007     ,  0.560000002     ,   9.36769415E-03
 -0.680000007     ,  0.569999993     ,   1.12554077E-02
 -0.680000007     ,  0.579999983     ,   4.25289851E-03
 -0.680000007     ,  0.589999974     ,   4.41975612E-03
 -0.680000007     ,  0.600000024     ,   4.10473347E-03
 -0.680000007     ,  0.610000014     ,   2.92220106E-03
 -0.680000007     ,  0.620000005     ,   2.17864523E-03
 -0.680000007     ,  0.629999995     ,   2.07209587E-03
 -0.680000007     ,  0.639999986     ,   1.99687481E-03
 -0.680000007     ,  0.649999976     ,   1.92446704E-03
 -0.680000007     ,  0.659999967     ,   1.85551646E-03
 -0.680000007     ,  0.670000017     ,   1.77805428E-03
 -0.680000007     ,  0.680000007     ,   1.72641280E-03
 -0.680000007     ,  0.689999998     ,   1.67319772E-03
 -0.680000007     ,  0.699999988     ,   1.62518024E-03
  
 -0.639999986     ,  0.500000000     ,   0.00000000    
 -0.639999986     ,  0.509999990     ,   0.00000000    
 -0.639999986     ,  0.519999981     ,   0.00000000    
 -0.639999986     ,  0.529999971     ,   0.00000000    
 -0.639999986     ,  0.540000021     ,   0.00000000    
 -0.639999986     ,  0.550000012     ,   5.42526244E-20
 -0.639999986     ,  0.560000002     ,   2.65196268E-03
 -0.639999986     ,  0.569999993     ,   7.58616347E-03
 -0.639999986     ,  0.579999983     ,   9.36387759E-03
 -0.639999986     ,  0.589999974     ,   4.25863266E-03
 -0.639999986     ,  0.600000024     ,   3.00343032E-03
 -0.639999986     ,  0.610000014     ,   2.46660714E-03
 -0.639999986     ,  0.620000005     ,   2.24933634E-03
 -0.639999986     ,  0.629999995     ,   2.14500423E-03
 -0.639999986     ,  0.639999986     ,   2.09634309E-03
 -0.639999986     ,  0.649999976     ,   2.01735506E-03
 -0.639999986     ,  0.659999967     ,   1.95758347E-03
 -0.639999986     ,  0.670000017     ,   1.89940934E-03
 -0.639999986     ,  0.680000007     ,   1.81393628E-03
 -0.639999986     ,  0.689999998     ,   1.76031585E-03
 -0.639999986     ,  0.699999988     ,   1.71737676E-03
  
 -0.600000024     ,  0.500000000     ,   0.00000000    
 -0.600000024     ,  0.509999990     ,   0.00000000    
 -0.600000024     ,  0.519999981     ,   0.00000000    
 -0.600000024     ,  0.529999971     ,   0.00000000    
 -0.600000024     ,  0.540000021     ,   0.00000000    
 -0.600000024     ,  0.550000012     ,   5.42526244E-20
 -0.600000024     ,  0.560000002     ,   8.23846180E-03
 -0.600000024     ,  0.569999993     ,   1.26760956E-02
 -0.600000024     ,  0.579999983     ,   1.13515016E-02
 -0.600000024     ,  0.589999974     ,   7.35228043E-03
 -0.600000024     ,  0.600000024     ,   3.39143281E-03
 -0.600000024     ,  0.610000014     ,   2.71706586E-03
 -0.600000024     ,  0.620000005     ,   2.44870177E-03
 -0.600000024     ,  0.629999995     ,   2.29356298E-03
 -0.600000024     ,  0.639999986     ,   2.21064081E-03
 -0.600000024     ,  0.649999976     ,   2.15904717E-03
 -0.600000024     ,  0.659999967     ,   2.08971510E-03
 -0.600000024     ,  0.670000017     ,   2.02336302E-03
 -0.600000024     ,  0.680000007     ,   1.97012420E-03
 -0.600000024     ,  0.689999998     ,   1.85568328E-03
 -0.600000024     ,  0.699999988     ,   1.80120463E-03
  
 -0.560000002     ,  0.500000000     ,   0.00000000    
 -0.560000002     ,  0.509999990     ,   0.00000000    
 -0.560000002     ,  0.519999981     ,   0.00000000    
 -0.560000002     ,  0.529999971     ,   0.00000000    
 -0.560000002     ,  0.540000021     ,   0.00000000    
 -0.560000002     ,  0.550000012     ,   5.42526244E-20
 -0.560000002     ,  0.560000002     ,   7.19398865E-03
 -0.560000002     ,  0.569999993     ,   1.49178682E-02
 -0.560000002     ,  0.579999983     ,   1.45690087E-02
 -0.560000002     ,  0.589999974     ,   8.29052925E-03
 -0.560000002     ,  0.600000024     ,   3.90784722E-03
 -0.560000002     ,  0.610000014     ,   2.97245989E-03
 -0.560000002     ,  0.620000005     ,   2.61261454E-03
 -0.560000002     ,  0.629999995     ,   2.48391624E-03
 -0.560000002     ,  0.639999986     ,   2.38313666E-03
 -0.560000002     ,  0.649999976     ,   2.28724489E-03
 -0.560000002     ,  0.659999967     ,   2.21409788E-03
 -0.560000002     ,  0.670000017     ,   2.12290278E-03
 -0.560000002     ,  0.680000007     ,   2.03323364E-03
 -0.560000002     ,  0.689999998     ,   1.94337370E-03
 -0.560000002     ,  0.699999988     ,   1.87075138E-03
  
 -0.519999981     ,  0.500000000     ,   0.00000000    
 -0.519999981     ,  0.509999990     ,   0.00000000    
 -0.519999981     ,  0.519999981     ,   0.00000000    
 -0.519999981     ,  0.529999971     ,   0.00000000    
 -0.519999981     ,  0.540000021     ,   5.42526244E-20
 -0.519999981     ,  0.550000012     ,   2.92000035E-03
 -0.519999981     ,  0.560000002     ,   1.19915456E-02
 -0.519999981     ,  0.569999993     ,   1.76981203E-02
 -0.519999981     ,  0.579999983     ,   1.49405841E-02
 -0.519999981     ,  0.589999974     ,   8.61041527E-03
 -0.519999981     ,  0.600000024     ,   4.13773069E-03
 -0.519999981     ,  0.610000014     ,   2.97956471E-03
 -0.519999981     ,  0.620000005     ,   2.62000551E-03
 -0.519999981     ,  0.629999995     ,   2.49583717E-03
 -0.519999981     ,  0.639999986     ,   2.41870875E-03
 -0.519999981     ,  0.649999976     ,   2.32689385E-03
 -0.519999981     ,  0.659999967     ,   2.23085890E-03
 -0.519999981     ,  0.670000017     ,   2.16794014E-03
 -0.519999981     ,  0.680000007     ,   2.06477637E-03
 -0.519999981     ,  0.689999998     ,   1.97758665E-03
 -0.519999981     ,  0.699999988     ,   1.93409924E-03
  
 -0.480000019     ,  0.500000000     ,   0.00000000    
 -0.480000019     ,  0.509999990     ,   0.00000000    
 -0.480000019     ,  0.519999981     ,   0.00000000    
 -0.480000019     ,  0.529999971     ,   0.00000000    
 -0.480000019     ,  0.540000021     ,   5.42526244E-20
 -0.480000019     ,  0.550000012     ,   5.15999878E-03
 -0.480000019     ,  0.560000002     ,   1.35777835E-02
 -0.480000019     ,  0.569999993     ,   1.81813724E-02
 -0.480000019     ,  0.579999983     ,   1.56004429E-02
 -0.480000019     ,  0.589999974     ,   9.25118942E-03
 -0.480000019     ,  0.600000024     ,   4.34958935E-03
 -0.480000019     ,  0.610000014     ,   2.90498743E-03
 -0.480000019     ,  0.620000005     ,   2.50358577E-03
 -0.480000019     ,  0.629999995     ,   2.40960112E-03
 -0.480000019     ,  0.639999986     ,   2.32853880E-03
 -0.480000019     ,  0.649999976     ,   2.25973129E-03
 -0.480000019     ,  0.659999967     ,   2.19302182E-03
 -0.480000019     ,  0.670000017     ,   2.12287903E-03
 -0.480000019     ,  0.680000007     ,   2.03850260E-03
 -0.480000019     ,  0.689999998     ,   1.97172165E-03
 -0.480000019     ,  0.699999988     ,   2.02848902E-03
  
 -0.440000027     ,  0.500000000     ,   0.00000000    
 -0.440000027     ,  0.509999990     ,   0.00000000    
 -0.440000027     ,  0.519999981     ,   0.00000000    
 -0.440000027     ,  0.529999971     ,   0.00000000    
 -0.440000027     ,  0.540000021     ,   5.42526244E-20
 -0.440000027     ,  0.550000012     ,   7.37999845E-03
 -0.440000027     ,  0.560000002     ,   1.59615390E-02
 -0.440000027     ,  0.569999993     ,   1.97681431E-02
 -0.440000027     ,  0.579999983     ,   1.66736953E-02
 -0.440000027     ,  0.589999974     ,   9.38754063E-03
 -0.440000027     ,  0.600000024     ,   4.53917962E-03
 -0.440000027     ,  0.610000014     ,   2.86934385E-03
 -0.440000027     ,  0.620000005     ,   2.58111954E-03
 -0.440000027     ,  0.629999995     ,   2.34386930E-03
 -0.440000027     ,  0.639999986     ,   2.24764342E-03
 -0.440000027     ,  0.649999976     ,   2.17134948E-03
 -0.440000027     ,  0.659999967     ,   2.13150983E-03
 -0.440000027     ,  0.670000017     ,   2.08675861E-03
 -0.440000027     ,  0.680000007     ,   2.05082889E-03
 -0.440000027     ,  0.689999998     ,   2.04439159E-03
 -0.440000027     ,  0.699999988     ,   1.91426277E-03
  
 -0.400000036     ,  0.500000000     ,   0.00000000    
 -0.400000036     ,  0.509999990     ,   0.00000000    
 -0.400000036     ,  0.519999981     ,   0.00000000    
 -0.400000036     ,  0.529999971     ,   5.42526244E-20
 -0.400000036     ,  0.540000021     ,   2.37999996E-03
 -0.400000036     ,  0.550000012     ,   1.14430543E-02
 -0.400000036     ,  0.560000002     ,   1.99379027E-02
 -0.400000036     ,  0.569999993     ,   2.23098882E-02
 -0.400000036     ,  0.579999983     ,   1.69926640E-02
 -0.400000036     ,  0.589999974     ,   9.42316093E-03
 -0.400000036     ,  0.600000024     ,   4.74278908E-03
 -0.400000036     ,  0.610000014     ,   3.04667954E-03
 -0.400000036     ,  0.620000005     ,   2.32503423E-03
 -0.400000036     ,  0.629999995     ,   2.19247350E-03
 -0.400000036     ,  0.639999986     ,   2.18350883E-03
 -0.400000036     ,  0.649999976     ,   2.10845470E-03
 -0.400000036     ,  0.659999967     ,   2.03492632E-03
 -0.400000036     ,  0.670000017     ,   2.07264419E-03
 -0.400000036     ,  0.680000007     ,   1.86402793E-03
 -0.400000036     ,  0.689999998     ,   2.25031376E-03
 -0.400000036     ,  0.699999988     ,   2.24161148E-03
  
 -0.360000014     ,  0.500000000     ,   0.00000000    
 -0.360000014     ,  0.509999990     ,   0.00000000    
 -0.360000014     ,  0.519999981     ,   0.00000000    
 -0.360000014     ,  0.529999971     ,   5.42526244E-20
 -0.360000014     ,  0.540000021     ,   5.26600005E-03
 -0.360000014     ,  0.550000012     ,   1.54611291E-02
 -0.360000014     ,  0.560000002     ,   2.41537206E-02
 -0.360000014     ,  0.569999993     ,   2.51155980E-02
 -0.360000014     ,  0.579999983     ,   1.80466287E-02
 -0.360000014     ,  0.589999974     ,   9.95055400E-03
 -0.360000014     ,  0.600000024     ,   4.78496542E-03
 -0.360000014     ,  0.610000014     ,   2.87592411E-03
 -0.360000014     ,  0.620000005     ,   2.90336600E-03
 -0.360000014     ,  0.629999995     ,   2.20494275E-03
 -0.360000014     ,  0.639999986     ,   2.02260027E-03
 -0.360000014     ,  0.649999976     ,   2.07312102E-03
 -0.360000014     ,  0.659999967     ,   1.95496087E-03
 -0.360000014     ,  0.670000017     ,   2.11405754E-03
 -0.360000014     ,  0.680000007     ,   2.53572455E-03
 -0.360000014     ,  0.689999998     ,   2.98035145E-03
 -0.360000014     ,  0.699999988     ,   2.51660356E-03
  
 -0.320000023     ,  0.500000000     ,   0.00000000    
 -0.320000023     ,  0.509999990     ,   0.00000000    
 -0.320000023     ,  0.519999981     ,   0.00000000    
 -0.320000023     ,  0.529999971     ,   5.42526244E-20
 -0.320000023     ,  0.540000021     ,   8.70000012E-03
 -0.320000023     ,  0.550000012     ,   2.00700015E-02
 -0.320000023     ,  0.560000002     ,   2.87976209E-02
 -0.320000023     ,  0.569999993     ,   2.77724378E-02
 -0.320000023     ,  0.579999983     ,   1.94880366E-02
 -0.320000023     ,  0.589999974     ,   1.06273415E-02
 -0.320000023     ,  0.600000024     ,   6.10888004E-03
 -0.320000023     ,  0.610000014     ,   3.35338106E-03
 -0.320000023     ,  0.620000005     ,   2.04875460E-03
 -0.320000023     ,  0.629999995     ,   2.30360031E-03
 -0.320000023     ,  0.639999986     ,   2.07927218E-03
 -0.320000023     ,  0.649999976     ,   1.95744028E-03
 -0.320000023     ,  0.659999967     ,   2.67958641E-03
 -0.320000023     ,  0.670000017     ,   3.14686308E-03
 -0.320000023     ,  0.680000007     ,   2.91686063E-03
 -0.320000023     ,  0.689999998     ,   2.35586171E-03
 -0.320000023     ,  0.699999988     ,   2.14490900E-03
  
 -0.280000031     ,  0.500000000     ,   0.00000000    
 -0.280000031     ,  0.509999990     ,   0.00000000    
 -0.280000031     ,  0.519999981     ,   5.42526244E-20
 -0.280000031     ,  0.529999971     ,   2.43239990E-03
 -0.280000031     ,  0.540000021     ,   1.27999987E-02
 -0.280000031     ,  0.550000012     ,   2.49907915E-02
 -0.280000031     ,  0.560000002     ,   3.31560262E-02
 -0.280000031     ,  0.569999993     ,   3.09263822E-02
 -0.280000031     ,  0.579999983     ,   2.08819397E-02
 -0.280000031     ,  0.589999974     ,   1.08896252E-02
 -0.280000031     ,  0.600000024     ,   4.74495906E-03
 -0.280000031     ,  0.610000014     ,   4.19087429E-03
 -0.280000031     ,  0.620000005     ,   3.42061510E-03
 -0.280000031     ,  0.629999995     ,   1.74059870E-03
 -0.280000031     ,  0.639999986     ,   2.57959357E-03
 -0.280000031     ,  0.649999976     ,   3.34415445E-03
 -0.280000031     ,  0.659999967     ,   3.39386472E-03
 -0.280000031     ,  0.670000017     ,   2.76553631E-03
 -0.280000031     ,  0.680000007     ,   2.46975431E-03
 -0.280000031     ,  0.689999998     ,   2.38628383E-03
 -0.280000031     ,  0.699999988     ,   2.86023621E-03
  
 -0.240000010     ,  0.500000000     ,   0.00000000    
 -0.240000010     ,  0.509999990     ,   0.00000000    
 -0.240000010     ,  0.519999981     ,   5.42526244E-20
 -0.240000010     ,  0.529999971     ,   5.73199987E-03
 -0.240000010     ,  0.540000021     ,   1.77400000E-02
 -0.240000010     ,  0.550000012     ,   3.05612031E-02
 -0.240000010     ,  0.560000002     ,   3.75431068E-02
 -0.240000010     ,  0.569999993     ,   3.35695371E-02
 -0.240000010     ,  0.579999983     ,   2.18299981E-02
 -0.240000010     ,  0.589999974     ,   1.14726899E-02
 -0.240000010     ,  0.600000024     ,   7.38747139E-03
 -0.240000010     ,  0.610000014     ,   3.25224409E-03
 -0.240000010     ,  0.620000005     ,   2.49485974E-03
 -0.240000010     ,  0.629999995     ,   3.62966070E-03
 -0.240000010     ,  0.639999986     ,   4.07292834E-03
 -0.240000010     ,  0.649999976     ,   3.33590503E-03
 -0.240000010     ,  0.659999967     ,   2.88646226E-03
 -0.240000010     ,  0.670000017     ,   3.06272507E-03
 -0.240000010     ,  0.680000007     ,   1.99084287E-03
 -0.240000010     ,  0.689999998     ,   2.14550504E-03
 -0.240000010     ,  0.699999988     ,   2.45983596E-03
  
 -0.200000048     ,  0.500000000     ,   0.00000000    
 -0.200000048     ,  0.509999990     ,   0.00000000    
 -0.200000048     ,  0.519999981     ,   5.42526244E-20
 -0.200000048     ,  0.529999971     ,   9.73320007E-03
 -0.200000048     ,  0.540000021     ,   2.35004928E-02
 -0.200000048     ,  0.550000012     ,   3.71266082E-02
 -0.200000048     ,  0.560000002     ,   4.26550694E-02
 -0.200000048     ,  0.569999993     ,   3.60030420E-02
 -0.200000048     ,  0.579999983     ,   2.17800979E-02
 -0.200000048     ,  0.589999974     ,   1.05848070E-02
 -0.200000048     ,  0.600000024     ,   6.43472653E-03
 -0.200000048     ,  0.610000014     ,   4.81326599E-03
 -0.200000048     ,  0.620000005     ,   5.36696892E-03
 -0.200000048     ,  0.629999995     ,   4.25765524E-03
 -0.200000048     ,  0.639999986     ,   3.39770317E-03
 -0.200000048     ,  0.649999976     ,   3.99041176E-03
 -0.200000048     ,  0.659999967     ,   3.70848179E-03
 -0.200000048     ,  0.670000017     ,   3.19550047E-03
 -0.200000048     ,  0.680000007     ,   3.07319174E-03
 -0.200000048     ,  0.689999998     ,   2.97415257E-03
 -0.200000048     ,  0.699999988     ,   2.85539636E-03
  
 -0.160000026     ,  0.500000000     ,   0.00000000    
 -0.160000026     ,  0.509999990     ,   5.42526244E-20
 -0.160000026     ,  0.519999981     ,   2.76199984E-03
 -0.160000026     ,  0.529999971     ,   1.48760006E-02
 -0.160000026     ,  0.540000021     ,   3.00431959E-02
 -0.160000026     ,  0.550000012     ,   4.33454327E-02
 -0.160000026     ,  0.560000002     ,   4.55935709E-02
 -0.160000026     ,  0.569999993     ,   3.89506817E-02
 -0.160000026     ,  0.579999983     ,   2.64028199E-02
 -0.160000026     ,  0.589999974     ,   1.09933494E-02
 -0.160000026     ,  0.600000024     ,   9.42773838E-03
 -0.160000026     ,  0.610000014     ,   5.82733145E-03
 -0.160000026     ,  0.620000005     ,   5.46565047E-03
 -0.160000026     ,  0.629999995     ,   5.95304975E-03
 -0.160000026     ,  0.639999986     ,   4.48105345E-03
 -0.160000026     ,  0.649999976     ,   4.41563129E-03
 -0.160000026     ,  0.659999967     ,   4.11489001E-03
 -0.160000026     ,  0.670000017     ,   3.89530649E-03
 -0.160000026     ,  0.680000007     ,   3.66713991E-03
 -0.160000026     ,  0.689999998     ,   3.45313549E-03
 -0.160000026     ,  0.699999988     ,   3.26201925E-03
  
 -0.120000005     ,  0.500000000     ,   0.00000000    
 -0.120000005     ,  0.509999990     ,   5.42526244E-20
 -0.120000005     ,  0.519999981     ,   6.49959967E-03
 -0.120000005     ,  0.529999971     ,   2.08400004E-02
 -0.120000005     ,  0.540000021     ,   3.76047269E-02
 -0.120000005     ,  0.550000012     ,   5.33528104E-02
 -0.120000005     ,  0.560000002     ,   5.68988696E-02
 -0.120000005     ,  0.569999993     ,   3.63953002E-02
 -0.120000005     ,  0.579999983     ,   2.23976970E-02
 -0.120000005     ,  0.589999974     ,   1.51403546E-02
 -0.120000005     ,  0.600000024     ,   7.56700058E-03
 -0.120000005     ,  0.610000014     ,   7.00619211E-03
 -0.120000005     ,  0.620000005     ,   7.00275879E-03
 -0.120000005     ,  0.629999995     ,   6.30588550E-03
 -0.120000005     ,  0.639999986     ,   5.72710019E-03
 -0.120000005     ,  0.649999976     ,   5.22143859E-03
 -0.120000005     ,  0.659999967     ,   4.78761178E-03
 -0.120000005     ,  0.670000017     ,   4.40595159E-03
 -0.120000005     ,  0.680000007     ,   4.07435885E-03
 -0.120000005     ,  0.689999998     ,   3.77635960E-03
 -0.120000005     ,  0.699999988     ,   3.52656841E-03
  
  -8.00000429E-02 ,  0.500000000     ,   0.00000000    
  -8.00000429E-02 ,  0.509999990     ,   5.42526244E-20
  -8.00000429E-02 ,  0.519999981     ,   1.17197996E-02
  -8.00000429E-02 ,  0.529999971     ,   3.02799996E-02
  -8.00000429E-02 ,  0.540000021     ,   4.95910347E-02
  -8.00000429E-02 ,  0.550000012     ,   5.46554737E-02
  -8.00000429E-02 ,  0.560000002     ,   5.40541299E-02
  -8.00000429E-02 ,  0.569999993     ,   2.44542006E-02
  -8.00000429E-02 ,  0.579999983     ,   1.18266586E-02
  -8.00000429E-02 ,  0.589999974     ,   4.41452255E-03
  -8.00000429E-02 ,  0.600000024     ,   7.25498190E-03
  -8.00000429E-02 ,  0.610000014     ,   7.75153656E-03
  -8.00000429E-02 ,  0.620000005     ,   7.13303080E-03
  -8.00000429E-02 ,  0.629999995     ,   6.38179760E-03
  -8.00000429E-02 ,  0.639999986     ,   5.71932783E-03
  -8.00000429E-02 ,  0.649999976     ,   5.16176224E-03
  -8.00000429E-02 ,  0.659999967     ,   4.69970703E-03
  -8.00000429E-02 ,  0.670000017     ,   4.31437511E-03
  -8.00000429E-02 ,  0.680000007     ,   3.97334108E-03
  -8.00000429E-02 ,  0.689999998     ,   3.67026334E-03
  -8.00000429E-02 ,  0.699999988     ,   3.41198454E-03
  
  -4.00000215E-02 ,  0.500000000     ,   5.42526244E-20
  -4.00000215E-02 ,  0.509999990     ,   3.08999978E-03
  -4.00000215E-02 ,  0.519999981     ,   1.69199985E-02
  -4.00000215E-02 ,  0.529999971     ,   3.55053172E-02
  -4.00000215E-02 ,  0.540000021     ,   2.70335767E-02
  -4.00000215E-02 ,  0.550000012     ,   4.48257737E-02
  -4.00000215E-02 ,  0.560000002     ,   3.97584215E-02
  -4.00000215E-02 ,  0.569999993     ,   2.42933985E-02
  -4.00000215E-02 ,  0.579999983     ,   9.99590196E-03
  -4.00000215E-02 ,  0.589999974     ,   1.29796262E-03
  -4.00000215E-02 ,  0.600000024     ,   3.66277690E-03
  -4.00000215E-02 ,  0.610000014     ,   4.86807805E-03
  -4.00000215E-02 ,  0.620000005     ,   4.89010802E-03
  -4.00000215E-02 ,  0.629999995     ,   4.60138312E-03
  -4.00000215E-02 ,  0.639999986     ,   4.28547850E-03
  -4.00000215E-02 ,  0.649999976     ,   3.99041176E-03
  -4.00000215E-02 ,  0.659999967     ,   3.73318186E-03
  -4.00000215E-02 ,  0.670000017     ,   3.49745760E-03
  -4.00000215E-02 ,  0.680000007     ,   3.27811250E-03
  -4.00000215E-02 ,  0.689999998     ,   3.07726860E-03
  -4.00000215E-02 ,  0.699999988     ,   2.89940834E-03
  
  -5.96046448E-08 ,  0.500000000     ,   5.42526244E-20
  -5.96046448E-08 ,  0.509999990     ,   4.33999952E-03
  -5.96046448E-08 ,  0.519999981     ,   1.27268005E-02
  -5.96046448E-08 ,  0.529999971     ,   2.17035618E-02
  -5.96046448E-08 ,  0.540000021     ,   2.96927150E-02
  -5.96046448E-08 ,  0.550000012     ,   2.88625900E-02
  -5.96046448E-08 ,  0.560000002     ,   2.44576689E-02
  -5.96046448E-08 ,  0.569999993     ,   1.75479297E-02
  -5.96046448E-08 ,  0.579999983     ,   9.48840380E-03
  -5.96046448E-08 ,  0.589999974     ,   3.05794482E-03
  -5.96046448E-08 ,  0.600000024     ,   1.78153510E-03
  -5.96046448E-08 ,  0.610000014     ,   2.39710812E-03
  -5.96046448E-08 ,  0.620000005     ,   2.57418165E-03
  -5.96046448E-08 ,  0.629999995     ,   2.56955624E-03
  -5.96046448E-08 ,  0.639999986     ,   2.53551011E-03
  -5.96046448E-08 ,  0.649999976     ,   2.48920918E-03
  -5.96046448E-08 ,  0.659999967     ,   2.43608956E-03
  -5.96046448E-08 ,  0.670000017     ,   2.36916542E-03
  -5.96046448E-08 ,  0.680000007     ,   2.29773531E-03
  -5.96046448E-08 ,  0.689999998     ,   2.22036848E-03
  -5.96046448E-08 ,  0.699999988     ,   2.13811407E-03
  
   3.99999619E-02 ,  0.500000000     ,   5.42526244E-20
   3.99999619E-02 ,  0.509999990     ,   5.81999915E-03
   3.99999619E-02 ,  0.519999981     ,   1.15799997E-02
   3.99999619E-02 ,  0.529999971     ,   1.63729191E-02
   3.99999619E-02 ,  0.540000021     ,   2.20655855E-02
   3.99999619E-02 ,  0.550000012     ,   2.53720637E-02
   3.99999619E-02 ,  0.560000002     ,   2.42146365E-02
   3.99999619E-02 ,  0.569999993     ,   1.82872061E-02
   3.99999619E-02 ,  0.579999983     ,   1.03675723E-02
   3.99999619E-02 ,  0.589999974     ,   3.98534536E-03
   3.99999619E-02 ,  0.600000024     ,   5.80286956E-04
   3.99999619E-02 ,  0.610000014     ,   6.94894814E-04
   3.99999619E-02 ,  0.620000005     ,   1.04732509E-03
   3.99999619E-02 ,  0.629999995     ,   1.18837354E-03
   3.99999619E-02 ,  0.639999986     ,   1.29156117E-03
   3.99999619E-02 ,  0.649999976     ,   1.36601925E-03
   3.99999619E-02 ,  0.659999967     ,   1.42433646E-03
   3.99999619E-02 ,  0.670000017     ,   1.45797734E-03
   3.99999619E-02 ,  0.680000007     ,   1.47607329E-03
   3.99999619E-02 ,  0.689999998     ,   1.48272514E-03
   3.99999619E-02 ,  0.699999988     ,   1.47492881E-03
  
   7.99999833E-02 ,  0.500000000     ,   5.42526244E-20
   7.99999833E-02 ,  0.509999990     ,   6.07599970E-03
   7.99999833E-02 ,  0.519999981     ,   9.74000059E-03
   7.99999833E-02 ,  0.529999971     ,   1.35647682E-02
   7.99999833E-02 ,  0.540000021     ,   1.91686265E-02
   7.99999833E-02 ,  0.550000012     ,   2.34714262E-02
   7.99999833E-02 ,  0.560000002     ,   2.22583301E-02
   7.99999833E-02 ,  0.569999993     ,   1.66240931E-02
   7.99999833E-02 ,  0.579999983     ,   9.27919149E-03
   7.99999833E-02 ,  0.589999974     ,   3.61337652E-03
   7.99999833E-02 ,  0.600000024     ,   9.80830169E-04
   7.99999833E-02 ,  0.610000014     ,   4.56786162E-04
   7.99999833E-02 ,  0.620000005     ,   4.85610974E-04
   7.99999833E-02 ,  0.629999995     ,   4.92358231E-04
   7.99999833E-02 ,  0.639999986     ,   5.01251197E-04
   7.99999833E-02 ,  0.649999976     ,   6.26683235E-04
   7.99999833E-02 ,  0.659999967     ,   7.00306904E-04
   7.99999833E-02 ,  0.670000017     ,   7.68256199E-04
   7.99999833E-02 ,  0.680000007     ,   8.22520233E-04
   7.99999833E-02 ,  0.689999998     ,   8.70656979E-04
   7.99999833E-02 ,  0.699999988     ,   9.00220883E-04
  
  0.119999945     ,  0.500000000     ,   5.42526244E-20
  0.119999945     ,  0.509999990     ,   5.73399942E-03
  0.119999945     ,  0.519999981     ,   8.74000043E-03
  0.119999945     ,  0.529999971     ,   1.26206521E-02
  0.119999945     ,  0.540000021     ,   1.77961588E-02
  0.119999945     ,  0.550000012     ,   2.10836530E-02
  0.119999945     ,  0.560000002     ,   1.96998604E-02
  0.119999945     ,  0.569999993     ,   1.43594984E-02
  0.119999945     ,  0.579999983     ,   7.63264904E-03
  0.119999945     ,  0.589999974     ,   3.11726332E-03
  0.119999945     ,  0.600000024     ,   1.06468203E-03
  0.119999945     ,  0.610000014     ,   5.88870025E-04
  0.119999945     ,  0.620000005     ,   3.85141379E-04
  0.119999945     ,  0.629999995     ,   3.01432621E-04
  0.119999945     ,  0.639999986     ,   2.82979017E-04
  0.119999945     ,  0.649999976     ,   2.54964834E-04
  0.119999945     ,  0.659999967     ,   2.29668614E-04
  0.119999945     ,  0.670000017     ,   2.93588644E-04
  0.119999945     ,  0.680000007     ,   3.65090382E-04
  0.119999945     ,  0.689999998     ,   4.14514536E-04
  0.119999945     ,  0.699999988     ,   4.59551811E-04
  
  0.159999967     ,  0.500000000     ,   5.42526244E-20
  0.159999967     ,  0.509999990     ,   5.52400062E-03
  0.159999967     ,  0.519999981     ,   8.14000051E-03
  0.159999967     ,  0.529999971     ,   1.21287107E-02
  0.159999967     ,  0.540000021     ,   1.62445307E-02
  0.159999967     ,  0.550000012     ,   1.84463859E-02
  0.159999967     ,  0.560000002     ,   1.61838047E-02
  0.159999967     ,  0.569999993     ,   1.18607404E-02
  0.159999967     ,  0.579999983     ,   6.75408822E-03
  0.159999967     ,  0.589999974     ,   2.89152865E-03
  0.159999967     ,  0.600000024     ,   1.11362932E-03
  0.159999967     ,  0.610000014     ,   6.77227974E-04
  0.159999967     ,  0.620000005     ,   5.13386738E-04
  0.159999967     ,  0.629999995     ,   4.16660303E-04
  0.159999967     ,  0.639999986     ,   3.52525705E-04
  0.159999967     ,  0.649999976     ,   2.59780878E-04
  0.159999967     ,  0.659999967     ,   2.17676163E-04
  0.159999967     ,  0.670000017     ,   1.74808505E-04
  0.159999967     ,  0.680000007     ,   1.53255460E-04
  0.159999967     ,  0.689999998     ,   1.73330307E-04
  0.159999967     ,  0.699999988     ,   1.53708461E-04
  
  0.199999988     ,  0.500000000     ,   5.42526244E-20
  0.199999988     ,  0.509999990     ,   4.82080039E-03
  0.199999988     ,  0.519999981     ,   7.72000244E-03
  0.199999988     ,  0.529999971     ,   1.02198478E-02
  0.199999988     ,  0.540000021     ,   1.36800054E-02
  0.199999988     ,  0.550000012     ,   1.57062411E-02
  0.199999988     ,  0.560000002     ,   1.45110488E-02
  0.199999988     ,  0.569999993     ,   1.06085185E-02
  0.199999988     ,  0.579999983     ,   5.86251030E-03
  0.199999988     ,  0.589999974     ,   2.63715978E-03
  0.199999988     ,  0.600000024     ,   1.19025703E-03
  0.199999988     ,  0.610000014     ,   8.74471676E-04
  0.199999988     ,  0.620000005     ,   7.71904015E-04
  0.199999988     ,  0.629999995     ,   6.80518162E-04
  0.199999988     ,  0.639999986     ,   6.11042953E-04
  0.199999988     ,  0.649999976     ,   5.34462917E-04
  0.199999988     ,  0.659999967     ,   4.56857670E-04
  0.199999988     ,  0.670000017     ,   3.86810309E-04
  0.199999988     ,  0.680000007     ,   3.14164150E-04
  0.199999988     ,  0.689999998     ,   2.69174576E-04
  0.199999988     ,  0.699999988     ,   2.24781033E-04
  
  0.239999950     ,  0.500000000     ,   5.42526244E-20
  0.239999950     ,  0.509999990     ,   3.92000005E-03
  0.239999950     ,  0.519999981     ,   6.68719690E-03
  0.239999950     ,  0.529999971     ,   1.01308255E-02
  0.239999950     ,  0.540000021     ,   1.35930832E-02
  0.239999950     ,  0.550000012     ,   1.53657319E-02
  0.239999950     ,  0.560000002     ,   1.29817845E-02
  0.239999950     ,  0.569999993     ,   9.32503957E-03
  0.239999950     ,  0.579999983     ,   5.24824858E-03
  0.239999950     ,  0.589999974     ,   2.39144568E-03
  0.239999950     ,  0.600000024     ,   1.26264093E-03
  0.239999950     ,  0.610000014     ,   1.04115007E-03
  0.239999950     ,  0.620000005     ,   9.63067985E-04
  0.239999950     ,  0.629999995     ,   9.02438187E-04
  0.239999950     ,  0.639999986     ,   8.34846520E-04
  0.239999950     ,  0.649999976     ,   7.63154007E-04
  0.239999950     ,  0.659999967     ,   6.84475875E-04
  0.239999950     ,  0.670000017     ,   6.18982303E-04
  0.239999950     ,  0.680000007     ,   5.54919243E-04
  0.239999950     ,  0.689999998     ,   4.88591206E-04
  0.239999950     ,  0.699999988     ,   4.32538975E-04
  
  0.279999912     ,  0.500000000     ,   5.42526244E-20
  0.279999912     ,  0.509999990     ,   3.68000055E-03
  0.279999912     ,  0.519999981     ,   6.95477566E-03
  0.279999912     ,  0.529999971     ,   1.01652266E-02
  0.279999912     ,  0.540000021     ,   1.31776687E-02
  0.279999912     ,  0.550000012     ,   1.44672748E-02
  0.279999912     ,  0.560000002     ,   1.26014594E-02
  0.279999912     ,  0.569999993     ,   8.65880214E-03
  0.279999912     ,  0.579999983     ,   4.62629786E-03
  0.279999912     ,  0.589999974     ,   2.13844771E-03
  0.279999912     ,  0.600000024     ,   1.36175158E-03
  0.279999912     ,  0.610000014     ,   1.22036936E-03
  0.279999912     ,  0.620000005     ,   1.16059778E-03
  0.279999912     ,  0.629999995     ,   1.10812183E-03
  0.279999912     ,  0.639999986     ,   1.03554723E-03
  0.279999912     ,  0.649999976     ,   9.62352729E-04
  0.279999912     ,  0.659999967     ,   8.92281532E-04
  0.279999912     ,  0.670000017     ,   8.19802284E-04
  0.279999912     ,  0.680000007     ,   6.70814537E-04
  0.279999912     ,  0.689999998     ,   5.75995422E-04
  0.279999912     ,  0.699999988     ,   5.35106636E-04
  
  0.319999993     ,  0.500000000     ,   5.42526244E-20
  0.319999993     ,  0.509999990     ,   3.33999982E-03
  0.319999993     ,  0.519999981     ,   6.57004118E-03
  0.319999993     ,  0.529999971     ,   1.00636482E-02
  0.319999993     ,  0.540000021     ,   1.28641371E-02
  0.319999993     ,  0.550000012     ,   1.38067361E-02
  0.319999993     ,  0.560000002     ,   1.15043521E-02
  0.319999993     ,  0.569999993     ,   7.65286665E-03
  0.319999993     ,  0.579999983     ,   4.03555622E-03
  0.319999993     ,  0.589999974     ,   1.93949940E-03
  0.319999993     ,  0.600000024     ,   1.32857566E-03
  0.319999993     ,  0.610000014     ,   1.23057363E-03
  0.319999993     ,  0.620000005     ,   1.18126872E-03
  0.319999993     ,  0.629999995     ,   1.13348966E-03
  0.319999993     ,  0.639999986     ,   1.06668472E-03
  0.319999993     ,  0.649999976     ,   1.00181100E-03
  0.319999993     ,  0.659999967     ,   9.34720039E-04
  0.319999993     ,  0.670000017     ,   8.62693763E-04
  0.319999993     ,  0.680000007     ,   8.04924988E-04
  0.319999993     ,  0.689999998     ,   7.47871411E-04
  0.319999993     ,  0.699999988     ,   6.86001789E-04
  
  0.359999955     ,  0.500000000     ,   5.42526244E-20
  0.359999955     ,  0.509999990     ,   4.06000018E-03
  0.359999955     ,  0.519999981     ,   7.62752583E-03
  0.359999955     ,  0.529999971     ,   1.12358276E-02
  0.359999955     ,  0.540000021     ,   1.28557328E-02
  0.359999955     ,  0.550000012     ,   1.31015899E-02
  0.359999955     ,  0.560000002     ,   1.09371422E-02
  0.359999955     ,  0.569999993     ,   7.27037201E-03
  0.359999955     ,  0.579999983     ,   3.71807814E-03
  0.359999955     ,  0.589999974     ,   1.78924797E-03
  0.359999955     ,  0.600000024     ,   1.35530229E-03
  0.359999955     ,  0.610000014     ,   1.31518836E-03
  0.359999955     ,  0.620000005     ,   1.27837656E-03
  0.359999955     ,  0.629999995     ,   1.23379228E-03
  0.359999955     ,  0.639999986     ,   1.17461686E-03
  0.359999955     ,  0.649999976     ,   1.10435486E-03
  0.359999955     ,  0.659999967     ,   1.04098325E-03
  0.359999955     ,  0.670000017     ,   9.78422118E-04
  0.359999955     ,  0.680000007     ,   9.15575016E-04
  0.359999955     ,  0.689999998     ,   8.59999680E-04
  0.359999955     ,  0.699999988     ,   8.04710377E-04
  
  0.399999917     ,  0.500000000     ,   5.42526244E-20
  0.399999917     ,  0.509999990     ,   4.85999975E-03
  0.399999917     ,  0.519999981     ,   8.47673416E-03
  0.399999917     ,  0.529999971     ,   1.21513661E-02
  0.399999917     ,  0.540000021     ,   1.29211489E-02
  0.399999917     ,  0.550000012     ,   1.27401352E-02
  0.399999917     ,  0.560000002     ,   1.03452085E-02
  0.399999917     ,  0.569999993     ,   6.58192625E-03
  0.399999917     ,  0.579999983     ,   3.33733554E-03
  0.399999917     ,  0.589999974     ,   1.62770750E-03
  0.399999917     ,  0.600000024     ,   1.32751465E-03
  0.399999917     ,  0.610000014     ,   1.29761698E-03
  0.399999917     ,  0.620000005     ,   1.26965041E-03
  0.399999917     ,  0.629999995     ,   1.22573378E-03
  0.399999917     ,  0.639999986     ,   1.17077830E-03
  0.399999917     ,  0.649999976     ,   1.10464101E-03
  0.399999917     ,  0.659999967     ,   1.04646687E-03
  0.399999917     ,  0.670000017     ,   9.87887383E-04
  0.399999917     ,  0.680000007     ,   9.26804554E-04
  0.399999917     ,  0.689999998     ,   8.75639904E-04
  0.399999917     ,  0.699999988     ,   8.24880612E-04
  
  0.439999998     ,  0.500000000     ,   5.42526244E-20
  0.439999998     ,  0.509999990     ,   5.63999731E-03
  0.439999998     ,  0.519999981     ,   9.23272688E-03
  0.439999998     ,  0.529999971     ,   1.25801321E-02
  0.439999998     ,  0.540000021     ,   1.43902898E-02
  0.439999998     ,  0.550000012     ,   1.29347323E-02
  0.439999998     ,  0.560000002     ,   9.90225095E-03
  0.439999998     ,  0.569999993     ,   6.24679308E-03
  0.439999998     ,  0.579999983     ,   3.14048538E-03
  0.439999998     ,  0.589999974     ,   1.50431390E-03
  0.439999998     ,  0.600000024     ,   1.30206347E-03
  0.439999998     ,  0.610000014     ,   1.30482914E-03
  0.439999998     ,  0.620000005     ,   1.29270554E-03
  0.439999998     ,  0.629999995     ,   1.25377183E-03
  0.439999998     ,  0.639999986     ,   1.20484829E-03
  0.439999998     ,  0.649999976     ,   1.14891527E-03
  0.439999998     ,  0.659999967     ,   1.08895299E-03
  0.439999998     ,  0.670000017     ,   1.03530881E-03
  0.439999998     ,  0.680000007     ,   9.83333564E-04
  0.439999998     ,  0.689999998     ,   9.30261624E-04
  0.439999998     ,  0.699999988     ,   8.82244087E-04
  
  0.479999959     ,  0.500000000     ,   5.42526244E-20
  0.479999959     ,  0.509999990     ,   7.14000035E-03
  0.479999959     ,  0.519999981     ,   1.05713960E-02
  0.479999959     ,  0.529999971     ,   1.34146269E-02
  0.479999959     ,  0.540000021     ,   1.48869511E-02
  0.479999959     ,  0.550000012     ,   1.36908889E-02
  0.479999959     ,  0.560000002     ,   9.69352759E-03
  0.479999959     ,  0.569999993     ,   5.91659546E-03
  0.479999959     ,  0.579999983     ,   2.89402017E-03
  0.479999959     ,  0.589999974     ,   1.37771363E-03
  0.479999959     ,  0.600000024     ,   1.23066898E-03
  0.479999959     ,  0.610000014     ,   1.25039811E-03
  0.479999959     ,  0.620000005     ,   1.23008492E-03
  0.479999959     ,  0.629999995     ,   1.19218824E-03
  0.479999959     ,  0.639999986     ,   1.14588742E-03
  0.479999959     ,  0.649999976     ,   1.09562872E-03
  0.479999959     ,  0.659999967     ,   1.04436872E-03
  0.479999959     ,  0.670000017     ,   9.93299531E-04
  0.479999959     ,  0.680000007     ,   9.45878041E-04
  0.479999959     ,  0.689999998     ,   9.01699066E-04
  0.479999959     ,  0.699999988     ,   8.53729260E-04
  
  0.519999921     ,  0.500000000     ,   5.42526244E-20
  0.519999921     ,  0.509999990     ,   7.25937355E-03
  0.519999921     ,  0.519999981     ,   1.07372608E-02
  0.519999921     ,  0.529999971     ,   1.35857109E-02
  0.519999921     ,  0.540000021     ,   1.48645286E-02
  0.519999921     ,  0.550000012     ,   1.35473134E-02
  0.519999921     ,  0.560000002     ,   9.61941481E-03
  0.519999921     ,  0.569999993     ,   5.55636873E-03
  0.519999921     ,  0.579999983     ,   2.74667749E-03
  0.519999921     ,  0.589999974     ,   1.27562287E-03
  0.519999921     ,  0.600000024     ,   1.16441248E-03
  0.519999921     ,  0.610000014     ,   1.20596890E-03
  0.519999921     ,  0.620000005     ,   1.19335647E-03
  0.519999921     ,  0.629999995     ,   1.15977530E-03
  0.519999921     ,  0.639999986     ,   1.11899374E-03
  0.519999921     ,  0.649999976     ,   1.07448106E-03
  0.519999921     ,  0.659999967     ,   1.02918153E-03
  0.519999921     ,  0.670000017     ,   9.84597253E-04
  0.519999921     ,  0.680000007     ,   9.40012920E-04
  0.519999921     ,  0.689999998     ,   8.99815583E-04
  0.519999921     ,  0.699999988     ,   8.59189022E-04
  
  0.560000002     ,  0.500000000     ,   5.42526244E-20
  0.560000002     ,  0.509999990     ,   8.14294815E-03
  0.560000002     ,  0.519999981     ,   1.18434755E-02
  0.560000002     ,  0.529999971     ,   1.35232629E-02
  0.560000002     ,  0.540000021     ,   1.42530324E-02
  0.560000002     ,  0.550000012     ,   1.29622575E-02
  0.560000002     ,  0.560000002     ,   9.49338637E-03
  0.560000002     ,  0.569999993     ,   5.42153139E-03
  0.560000002     ,  0.579999983     ,   2.62401113E-03
  0.560000002     ,  0.589999974     ,   1.18112564E-03
  0.560000002     ,  0.600000024     ,   1.07570889E-03
  0.560000002     ,  0.610000014     ,   1.13214250E-03
  0.560000002     ,  0.620000005     ,   1.12771988E-03
  0.560000002     ,  0.629999995     ,   1.09959836E-03
  0.560000002     ,  0.639999986     ,   1.06124883E-03
  0.560000002     ,  0.649999976     ,   1.01736782E-03
  0.560000002     ,  0.659999967     ,   9.75882984E-04
  0.560000002     ,  0.670000017     ,   9.36388969E-04
  0.560000002     ,  0.680000007     ,   8.96978367E-04
  0.560000002     ,  0.689999998     ,   8.58330750E-04
  0.560000002     ,  0.699999988     ,   8.21804977E-04
  
  0.599999964     ,  0.500000000     ,   5.42526244E-20
  0.599999964     ,  0.509999990     ,   8.09738226E-03
  0.599999964     ,  0.519999981     ,   1.15168747E-02
  0.599999964     ,  0.529999971     ,   1.39326034E-02
  0.599999964     ,  0.540000021     ,   1.47723909E-02
  0.599999964     ,  0.550000012     ,   1.32208113E-02
  0.599999964     ,  0.560000002     ,   9.63779725E-03
  0.599999964     ,  0.569999993     ,   5.31469565E-03
  0.599999964     ,  0.579999983     ,   2.46659527E-03
  0.599999964     ,  0.589999974     ,   1.08692644E-03
  0.599999964     ,  0.600000024     ,   9.84418439E-04
  0.599999964     ,  0.610000014     ,   1.05540757E-03
  0.599999964     ,  0.620000005     ,   1.06081960E-03
  0.599999964     ,  0.629999995     ,   1.03782420E-03
  0.599999964     ,  0.639999986     ,   1.00591185E-03
  0.599999964     ,  0.649999976     ,   9.69862915E-04
  0.599999964     ,  0.659999967     ,   9.31715942E-04
  0.599999964     ,  0.670000017     ,   8.97097576E-04
  0.599999964     ,  0.680000007     ,   8.62812973E-04
  0.599999964     ,  0.689999998     ,   8.28409218E-04
  0.599999964     ,  0.699999988     ,   7.96174980E-04
  
  0.639999926     ,  0.500000000     ,   5.42526244E-20
  0.639999926     ,  0.509999990     ,   8.29359889E-03
  0.639999926     ,  0.519999981     ,   1.16010429E-02
  0.639999926     ,  0.529999971     ,   1.39050540E-02
  0.639999926     ,  0.540000021     ,   1.46235107E-02
  0.639999926     ,  0.550000012     ,   1.26778129E-02
  0.639999926     ,  0.560000002     ,   9.22849216E-03
  0.639999926     ,  0.569999993     ,   5.28571615E-03
  0.639999926     ,  0.579999983     ,   2.38412619E-03
  0.639999926     ,  0.589999974     ,   1.02512841E-03
  0.639999926     ,  0.600000024     ,   8.82613647E-04
  0.639999926     ,  0.610000014     ,   9.65094543E-04
  0.639999926     ,  0.620000005     ,   9.77230025E-04
  0.639999926     ,  0.629999995     ,   9.61124897E-04
  0.639999926     ,  0.639999986     ,   9.33051109E-04
  0.639999926     ,  0.649999976     ,   9.01794410E-04
  0.639999926     ,  0.659999967     ,   8.70096672E-04
  0.639999926     ,  0.670000017     ,   8.38220119E-04
  0.639999926     ,  0.680000007     ,   8.07726406E-04
  0.639999926     ,  0.689999998     ,   7.78794289E-04
  0.639999926     ,  0.699999988     ,   7.49111176E-04
  
  0.680000007     ,  0.500000000     ,   5.42526244E-20
  0.680000007     ,  0.509999990     ,   8.76620132E-03
  0.680000007     ,  0.519999981     ,   1.17695453E-02
  0.680000007     ,  0.529999971     ,   1.39238713E-02
  0.680000007     ,  0.540000021     ,   1.44640207E-02
  0.680000007     ,  0.550000012     ,   1.27408858E-02
  0.680000007     ,  0.560000002     ,   9.24346410E-03
  0.680000007     ,  0.569999993     ,   5.33100357E-03
  0.680000007     ,  0.579999983     ,   2.33831396E-03
  0.680000007     ,  0.589999974     ,   9.69183457E-04
  0.680000007     ,  0.600000024     ,   7.82835472E-04
  0.680000007     ,  0.610000014     ,   8.75818718E-04
  0.680000007     ,  0.620000005     ,   8.94260418E-04
  0.680000007     ,  0.629999995     ,   8.83424305E-04
  0.680000007     ,  0.639999986     ,   8.61310982E-04
  0.680000007     ,  0.649999976     ,   8.34584236E-04
  0.680000007     ,  0.659999967     ,   8.07619072E-04
  0.680000007     ,  0.670000017     ,   7.81440758E-04
  0.680000007     ,  0.680000007     ,   7.54714012E-04
  0.680000007     ,  0.689999998     ,   7.29811203E-04
  0.680000007     ,  0.699999988     ,   7.05671322E-04
  
  0.719999969     ,  0.500000000     ,   5.42526244E-20
  0.719999969     ,  0.509999990     ,   8.54194444E-03
  0.719999969     ,  0.519999981     ,   1.16858901E-02
  0.719999969     ,  0.529999971     ,   1.36981849E-02
  0.719999969     ,  0.540000021     ,   1.41741037E-02
  0.719999969     ,  0.550000012     ,   1.25103239E-02
  0.719999969     ,  0.560000002     ,   8.93676281E-03
  0.719999969     ,  0.569999993     ,   5.17694931E-03
  0.719999969     ,  0.579999983     ,   2.26610899E-03
  0.719999969     ,  0.589999974     ,   9.37604927E-04
  0.719999969     ,  0.600000024     ,   6.90221786E-04
  0.719999969     ,  0.610000014     ,   7.91454338E-04
  0.719999969     ,  0.620000005     ,   8.15248466E-04
  0.719999969     ,  0.629999995     ,   8.08608544E-04
  0.719999969     ,  0.639999986     ,   7.90321850E-04
  0.719999969     ,  0.649999976     ,   7.67731690E-04
  0.719999969     ,  0.659999967     ,   7.44271267E-04
  0.719999969     ,  0.670000017     ,   7.21335411E-04
  0.719999969     ,  0.680000007     ,   6.99019409E-04
  0.719999969     ,  0.689999998     ,   6.76536583E-04
  0.719999969     ,  0.699999988     ,   6.55019307E-04
  
  0.759999931     ,  0.500000000     ,   5.42526244E-20
  0.759999931     ,  0.509999990     ,   8.75557400E-03
  0.759999931     ,  0.519999981     ,   1.20008290E-02
  0.759999931     ,  0.529999971     ,   1.38477264E-02
  0.759999931     ,  0.540000021     ,   1.39133809E-02
  0.759999931     ,  0.550000012     ,   1.22154830E-02
  0.759999931     ,  0.560000002     ,   8.85882415E-03
  0.759999931     ,  0.569999993     ,   5.17634163E-03
  0.759999931     ,  0.579999983     ,   2.29663844E-03
  0.759999931     ,  0.589999974     ,   9.18972481E-04
  0.759999931     ,  0.600000024     ,   6.09922397E-04
  0.759999931     ,  0.610000014     ,   7.07232975E-04
  0.759999931     ,  0.620000005     ,   7.40683055E-04
  0.759999931     ,  0.629999995     ,   7.37476337E-04
  0.759999931     ,  0.639999986     ,   7.22753990E-04
  0.759999931     ,  0.649999976     ,   7.03620899E-04
  0.759999931     ,  0.659999967     ,   6.83641410E-04
  0.759999931     ,  0.670000017     ,   6.63697720E-04
  0.759999931     ,  0.680000007     ,   6.44230866E-04
  0.759999931     ,  0.689999998     ,   6.25085842E-04
  0.759999931     ,  0.699999988     ,   6.06155372E-04
  
  0.799999893     ,  0.500000000     ,   5.42526244E-20
  0.799999893     ,  0.509999990     ,   8.49876087E-03
  0.799999893     ,  0.519999981     ,   1.15319015E-02
  0.799999893     ,  0.529999971     ,   1.33345779E-02
  0.799999893     ,  0.540000021     ,   1.36120915E-02
  0.799999893     ,  0.550000012     ,   1.19609712E-02
  0.799999893     ,  0.560000002     ,   8.73610936E-03
  0.799999893     ,  0.569999993     ,   5.15530119E-03
  0.799999893     ,  0.579999983     ,   2.29631667E-03
  0.799999893     ,  0.589999974     ,   8.96596932E-04
  0.799999893     ,  0.600000024     ,   5.44595707E-04
  0.799999893     ,  0.610000014     ,   6.30044960E-04
  0.799999893     ,  0.620000005     ,   6.62970531E-04
  0.799999893     ,  0.629999995     ,   6.64067280E-04
  0.799999893     ,  0.639999986     ,   6.53350377E-04
  0.799999893     ,  0.649999976     ,   6.37900841E-04
  0.799999893     ,  0.659999967     ,   6.21283078E-04
  0.799999893     ,  0.670000017     ,   6.04867935E-04
  0.799999893     ,  0.680000007     ,   5.88750816E-04
  0.799999893     ,  0.689999998     ,   5.72824501E-04
  0.799999893     ,  0.699999988     ,   5.57160354E-04
  
  0.839999974     ,  0.500000000     ,   5.42526244E-20
  0.839999974     ,  0.509999990     ,   8.40474386E-03
  0.839999974     ,  0.519999981     ,   1.13401292E-02
  0.839999974     ,  0.529999971     ,   1.30748805E-02
  0.839999974     ,  0.540000021     ,   1.33754853E-02
  0.839999974     ,  0.550000012     ,   1.17365597E-02
  0.839999974     ,  0.560000002     ,   8.50141048E-03
  0.839999974     ,  0.569999993     ,   5.06832590E-03
  0.839999974     ,  0.579999983     ,   2.34550238E-03
  0.839999974     ,  0.589999974     ,   8.97741294E-04
  0.839999974     ,  0.600000024     ,   4.89711761E-04
  0.839999974     ,  0.610000014     ,   5.56921936E-04
  0.839999974     ,  0.620000005     ,   5.94544399E-04
  0.839999974     ,  0.629999995     ,   5.98323357E-04
  0.839999974     ,  0.639999986     ,   5.89978707E-04
  0.839999974     ,  0.649999976     ,   5.77640545E-04
  0.839999974     ,  0.659999967     ,   5.63502312E-04
  0.839999974     ,  0.670000017     ,   5.49435616E-04
  0.839999974     ,  0.680000007     ,   5.35714615E-04
  0.839999974     ,  0.689999998     ,   5.22267830E-04
  0.839999974     ,  0.699999988     ,   5.08773315E-04
  
  0.879999936     ,  0.500000000     ,   5.42526244E-20
  0.879999936     ,  0.509999990     ,   8.45085084E-03
  0.879999936     ,  0.519999981     ,   1.14111127E-02
  0.879999936     ,  0.529999971     ,   1.28549160E-02
  0.879999936     ,  0.540000021     ,   1.30627397E-02
  0.879999936     ,  0.550000012     ,   1.14648938E-02
  0.879999936     ,  0.560000002     ,   8.41349363E-03
  0.879999936     ,  0.569999993     ,   5.05567808E-03
  0.879999936     ,  0.579999983     ,   2.39387760E-03
  0.879999936     ,  0.589999974     ,   9.04846180E-04
  0.879999936     ,  0.600000024     ,   4.45199024E-04
  0.879999936     ,  0.610000014     ,   4.84430784E-04
  0.879999936     ,  0.620000005     ,   5.24222851E-04
  0.879999936     ,  0.629999995     ,   5.32066799E-04
  0.879999936     ,  0.639999986     ,   5.26440155E-04
  0.879999936     ,  0.649999976     ,   5.16235828E-04
  0.879999936     ,  0.659999967     ,   5.05101692E-04
  0.879999936     ,  0.670000017     ,   4.93824482E-04
  0.879999936     ,  0.680000007     ,   4.82451927E-04
  0.879999936     ,  0.689999998     ,   4.71258158E-04
  0.879999936     ,  0.699999988     ,   4.60243231E-04
  
  0.919999897     ,  0.500000000     ,   5.42526244E-20
  0.919999897     ,  0.509999990     ,   8.22948478E-03
  0.919999897     ,  0.519999981     ,   1.10122319E-02
  0.919999897     ,  0.529999971     ,   1.25925839E-02
  0.919999897     ,  0.540000021     ,   1.28049608E-02
  0.919999897     ,  0.550000012     ,   1.12710949E-02
  0.919999897     ,  0.560000002     ,   8.33666325E-03
  0.919999897     ,  0.569999993     ,   5.05373487E-03
  0.919999897     ,  0.579999983     ,   2.40622764E-03
  0.919999897     ,  0.589999974     ,   9.01365303E-04
  0.919999897     ,  0.600000024     ,   4.26220882E-04
  0.919999897     ,  0.610000014     ,   4.26721585E-04
  0.919999897     ,  0.620000005     ,   4.68826300E-04
  0.919999897     ,  0.629999995     ,   4.77433205E-04
  0.919999897     ,  0.639999986     ,   4.74429136E-04
  0.919999897     ,  0.649999976     ,   4.65977180E-04
  0.919999897     ,  0.659999967     ,   4.56404698E-04
  0.919999897     ,  0.670000017     ,   4.46653372E-04
  0.919999897     ,  0.680000007     ,   4.37212002E-04
  0.919999897     ,  0.689999998     ,   4.28485859E-04
  0.919999897     ,  0.699999988     ,   4.19926655E-04
  
  0.959999979     ,  0.500000000     ,   5.42526244E-20
  0.959999979     ,  0.509999990     ,   8.16528779E-03
  0.959999979     ,  0.519999981     ,   1.09310690E-02
  0.959999979     ,  0.529999971     ,   1.24313114E-02
  0.959999979     ,  0.540000021     ,   1.25867967E-02
  0.959999979     ,  0.550000012     ,   1.09809395E-02
  0.959999979     ,  0.560000002     ,   8.16353597E-03
  0.959999979     ,  0.569999993     ,   4.99311695E-03
  0.959999979     ,  0.579999983     ,   2.44584074E-03
  0.959999979     ,  0.589999974     ,   9.26458859E-04
  0.959999979     ,  0.600000024     ,   4.14490700E-04
  0.959999979     ,  0.610000014     ,   3.85379797E-04
  0.959999979     ,  0.620000005     ,   4.18281561E-04
  0.959999979     ,  0.629999995     ,   4.29356092E-04
  0.959999979     ,  0.639999986     ,   4.31740278E-04
  0.959999979     ,  0.649999976     ,   4.27710998E-04
  0.959999979     ,  0.659999967     ,   4.20391560E-04
  0.959999979     ,  0.670000017     ,   4.12654888E-04
  0.959999979     ,  0.680000007     ,   4.05287748E-04
  0.959999979     ,  0.689999998     ,   3.97491443E-04
  0.959999979     ,  0.699999988     ,   3.89027584E-04
  
  0.999999940     ,  0.500000000     ,   5.42526244E-20
  0.999999940     ,  0.509999990     ,   8.03887844E-03
  0.999999940     ,  0.519999981     ,   1.06158732E-02
  0.999999940     ,  0.529999971     ,   1.21098934E-02
  0.999999940     ,  0.540000021     ,   1.22776749E-02
  0.999999940     ,  0.550000012     ,   1.08160023E-02
  0.999999940     ,  0.560000002     ,   8.06661882E-03
  0.999999940     ,  0.569999993     ,   4.97215986E-03
  0.999999940     ,  0.579999983     ,   2.47673993E-03
  0.999999940     ,  0.589999974     ,   9.53102135E-04
  0.999999940     ,  0.600000024     ,   3.98349774E-04
  0.999999940     ,  0.610000014     ,   3.43525404E-04
  0.999999940     ,  0.620000005     ,   3.76629818E-04
  0.999999940     ,  0.629999995     ,   3.93879425E-04
  0.999999940     ,  0.639999986     ,   3.97348398E-04
  0.999999940     ,  0.649999976     ,   3.93986702E-04
  0.999999940     ,  0.659999967     ,   3.88169283E-04
  0.999999940     ,  0.670000017     ,   3.79478937E-04
  0.999999940     ,  0.680000007     ,   3.73494637E-04
  0.999999940     ,  0.689999998     ,   3.67355358E-04
  0.999999940     ,  0.699999988     ,   3.61967075E-04
  
   1.03999996     ,  0.500000000     ,   5.42526244E-20
   1.03999996     ,  0.509999990     ,   7.86755700E-03
   1.03999996     ,  0.519999981     ,   1.04258712E-02
   1.03999996     ,  0.529999971     ,   1.18882535E-02
   1.03999996     ,  0.540000021     ,   1.20560881E-02
   1.03999996     ,  0.550000012     ,   1.06599573E-02
   1.03999996     ,  0.560000002     ,   7.99485482E-03
   1.03999996     ,  0.569999993     ,   4.95468359E-03
   1.03999996     ,  0.579999983     ,   2.50062952E-03
   1.03999996     ,  0.589999974     ,   9.83345555E-04
   1.03999996     ,  0.600000024     ,   3.90481960E-04
   1.03999996     ,  0.610000014     ,   3.09252733E-04
   1.03999996     ,  0.620000005     ,   3.42655170E-04
   1.03999996     ,  0.629999995     ,   3.60798847E-04
   1.03999996     ,  0.639999986     ,   3.64637381E-04
   1.03999996     ,  0.649999976     ,   3.61001497E-04
   1.03999996     ,  0.659999967     ,   3.56221193E-04
   1.03999996     ,  0.670000017     ,   3.50999821E-04
   1.03999996     ,  0.680000007     ,   3.46183777E-04
   1.03999996     ,  0.689999998     ,   3.40986240E-04
   1.03999996     ,  0.699999988     ,   3.35574150E-04
  
   1.07999992     ,  0.500000000     ,   5.42526244E-20
   1.07999992     ,  0.509999990     ,   7.76816299E-03
   1.07999992     ,  0.519999981     ,   1.02995280E-02
   1.07999992     ,  0.529999971     ,   1.17260395E-02
   1.07999992     ,  0.540000021     ,   1.18697165E-02
   1.07999992     ,  0.550000012     ,   1.04192616E-02
   1.07999992     ,  0.560000002     ,   7.87516870E-03
   1.07999992     ,  0.569999993     ,   4.94781742E-03
   1.07999992     ,  0.579999983     ,   2.54429574E-03
   1.07999992     ,  0.589999974     ,   1.03179214E-03
   1.07999992     ,  0.600000024     ,   3.93736351E-04
   1.07999992     ,  0.610000014     ,   2.78294086E-04
   1.07999992     ,  0.620000005     ,   3.10027594E-04
   1.07999992     ,  0.629999995     ,   3.27610964E-04
   1.07999992     ,  0.639999986     ,   3.36599362E-04
   1.07999992     ,  0.649999976     ,   3.39543825E-04
   1.07999992     ,  0.659999967     ,   3.36790079E-04
   1.07999992     ,  0.670000017     ,   3.32665455E-04
   1.07999992     ,  0.680000007     ,   3.28850758E-04
   1.07999992     ,  0.689999998     ,   3.24702269E-04
   1.07999992     ,  0.699999988     ,   3.17430502E-04
  
   1.11999989     ,  0.500000000     ,   5.42526244E-20
   1.11999989     ,  0.509999990     ,   7.61498511E-03
   1.11999989     ,  0.519999981     ,   1.00264605E-02
   1.11999989     ,  0.529999971     ,   1.14136878E-02
   1.11999989     ,  0.540000021     ,   1.15704890E-02
   1.11999989     ,  0.550000012     ,   1.02560762E-02
   1.11999989     ,  0.560000002     ,   7.77226686E-03
   1.11999989     ,  0.569999993     ,   4.92372504E-03
   1.11999989     ,  0.579999983     ,   2.56168842E-03
   1.11999989     ,  0.589999974     ,   1.06999872E-03
   1.11999989     ,  0.600000024     ,   3.93211842E-04
   1.11999989     ,  0.610000014     ,   2.63226044E-04
   1.11999989     ,  0.620000005     ,   2.80690205E-04
   1.11999989     ,  0.629999995     ,   3.06034082E-04
   1.11999989     ,  0.639999986     ,   3.20577616E-04
   1.11999989     ,  0.649999976     ,   3.23390967E-04
   1.11999989     ,  0.659999967     ,   3.21340573E-04
   1.11999989     ,  0.670000017     ,   3.18026548E-04
   1.11999989     ,  0.680000007     ,   3.09824944E-04
   1.11999989     ,  0.689999998     ,   3.07250011E-04
   1.11999989     ,  0.699999988     ,   3.04174435E-04
  
   1.15999985     ,  0.500000000     ,   5.42526244E-20
   1.15999985     ,  0.509999990     ,   7.48073449E-03
   1.15999985     ,  0.519999981     ,   9.83841438E-03
   1.15999985     ,  0.529999971     ,   1.12029612E-02
   1.15999985     ,  0.540000021     ,   1.13686202E-02
   1.15999985     ,  0.550000012     ,   1.01171974E-02
   1.15999985     ,  0.560000002     ,   7.71421194E-03
   1.15999985     ,  0.569999993     ,   4.91220970E-03
   1.15999985     ,  0.579999983     ,   2.59113312E-03
   1.15999985     ,  0.589999974     ,   1.10234017E-03
   1.15999985     ,  0.600000024     ,   4.05979168E-04
   1.15999985     ,  0.610000014     ,   2.53462786E-04
   1.15999985     ,  0.620000005     ,   2.60341156E-04
   1.15999985     ,  0.629999995     ,   2.89559364E-04
   1.15999985     ,  0.639999986     ,   3.05557245E-04
   1.15999985     ,  0.649999976     ,   3.05438036E-04
   1.15999985     ,  0.659999967     ,   3.01790249E-04
   1.15999985     ,  0.670000017     ,   2.99429899E-04
   1.15999985     ,  0.680000007     ,   2.97117222E-04
   1.15999985     ,  0.689999998     ,   2.94446945E-04
   1.15999985     ,  0.699999988     ,   2.91466713E-04
  
   1.20000005     ,  0.500000000     ,   5.42526244E-20
   1.20000005     ,  0.509999990     ,   7.36416271E-03
   1.20000005     ,  0.519999981     ,   9.67868604E-03
   1.20000005     ,  0.529999971     ,   1.10193612E-02
   1.20000005     ,  0.540000021     ,   1.11176129E-02
   1.20000005     ,  0.550000012     ,   9.92974080E-03
   1.20000005     ,  0.560000002     ,   7.61632901E-03
   1.20000005     ,  0.569999993     ,   4.91397362E-03
   1.20000005     ,  0.579999983     ,   2.63185496E-03
   1.20000005     ,  0.589999974     ,   1.14433770E-03
   1.20000005     ,  0.600000024     ,   4.23955906E-04
   1.20000005     ,  0.610000014     ,   2.44951254E-04
   1.20000005     ,  0.620000005     ,   2.43568415E-04
   1.20000005     ,  0.629999995     ,   2.69246113E-04
   1.20000005     ,  0.639999986     ,   2.85100949E-04
   1.20000005     ,  0.649999976     ,   2.90036201E-04
   1.20000005     ,  0.659999967     ,   2.89344782E-04
   1.20000005     ,  0.670000017     ,   2.86674505E-04
   1.20000005     ,  0.680000007     ,   2.84290320E-04
   1.20000005     ,  0.689999998     ,   2.82001507E-04
   1.20000005     ,  0.699999988     ,   2.79760367E-04
  
   1.24000001     ,  0.500000000     ,   5.42526244E-20
   1.24000001     ,  0.509999990     ,   7.23034423E-03
   1.24000001     ,  0.519999981     ,   9.45404172E-03
   1.24000001     ,  0.529999971     ,   1.07582565E-02
   1.24000001     ,  0.540000021     ,   1.09315636E-02
   1.24000001     ,  0.550000012     ,   9.76150017E-03
   1.24000001     ,  0.560000002     ,   7.51687307E-03
   1.24000001     ,  0.569999993     ,   4.88686562E-03
   1.24000001     ,  0.579999983     ,   2.63751741E-03
   1.24000001     ,  0.589999974     ,   1.17150543E-03
   1.24000001     ,  0.600000024     ,   4.34231770E-04
   1.24000001     ,  0.610000014     ,   2.34699255E-04
   1.24000001     ,  0.620000005     ,   2.26616859E-04
   1.24000001     ,  0.629999995     ,   2.55751598E-04
   1.24000001     ,  0.639999986     ,   2.72202480E-04
   1.24000001     ,  0.649999976     ,   2.77328480E-04
   1.24000001     ,  0.659999967     ,   2.76803970E-04
   1.24000001     ,  0.670000017     ,   2.75492668E-04
   1.24000001     ,  0.680000007     ,   2.69055367E-04
   1.24000001     ,  0.689999998     ,   2.66885763E-04
   1.24000001     ,  0.699999988     ,   2.64787668E-04
  
   1.27999997     ,  0.500000000     ,   5.42526244E-20
   1.27999997     ,  0.509999990     ,   7.11878855E-03
   1.27999997     ,  0.519999981     ,   9.28283948E-03
   1.27999997     ,  0.529999971     ,   1.05678560E-02
   1.27999997     ,  0.540000021     ,   1.07525708E-02
   1.27999997     ,  0.550000012     ,   9.63844080E-03
   1.27999997     ,  0.560000002     ,   7.46558886E-03
   1.27999997     ,  0.569999993     ,   4.89627104E-03
   1.27999997     ,  0.579999983     ,   2.67659430E-03
   1.27999997     ,  0.589999974     ,   1.20712514E-03
   1.27999997     ,  0.600000024     ,   4.51731670E-04
   1.27999997     ,  0.610000014     ,   2.28285789E-04
   1.27999997     ,  0.620000005     ,   2.16269487E-04
   1.27999997     ,  0.629999995     ,   2.42877009E-04
   1.27999997     ,  0.639999986     ,   2.60233879E-04
   1.27999997     ,  0.649999976     ,   2.64000904E-04
   1.27999997     ,  0.659999967     ,   2.60877598E-04
   1.27999997     ,  0.670000017     ,   2.59780878E-04
   1.27999997     ,  0.680000007     ,   2.57849693E-04
   1.27999997     ,  0.689999998     ,   2.56514555E-04
   1.27999997     ,  0.699999988     ,   2.54893297E-04
  
   1.31999993     ,  0.500000000     ,   5.42526244E-20
   1.31999993     ,  0.509999990     ,   7.01223919E-03
   1.31999993     ,  0.519999981     ,   9.12404060E-03
   1.31999993     ,  0.529999971     ,   1.03907939E-02
   1.31999993     ,  0.540000021     ,   1.05567221E-02
   1.31999993     ,  0.550000012     ,   9.49174166E-03
   1.31999993     ,  0.560000002     ,   7.39597064E-03
   1.31999993     ,  0.569999993     ,   4.89591341E-03
   1.31999993     ,  0.579999983     ,   2.71799555E-03
   1.31999993     ,  0.589999974     ,   1.24826434E-03
   1.31999993     ,  0.600000024     ,   4.79114067E-04
   1.31999993     ,  0.610000014     ,   2.25639349E-04
   1.31999993     ,  0.620000005     ,   2.06708908E-04
   1.31999993     ,  0.629999995     ,   2.26497650E-04
   1.31999993     ,  0.639999986     ,   2.44021416E-04
   1.31999993     ,  0.649999976     ,   2.50172627E-04
   1.31999993     ,  0.659999967     ,   2.51293182E-04
   1.31999993     ,  0.670000017     ,   2.49767298E-04
   1.31999993     ,  0.680000007     ,   2.48169905E-04
   1.31999993     ,  0.689999998     ,   2.46453274E-04
   1.31999993     ,  0.699999988     ,   2.45666510E-04
  
   1.35999990     ,  0.500000000     ,   5.42526244E-20
   1.35999990     ,  0.509999990     ,   6.89861458E-03
   1.35999990     ,  0.519999981     ,   8.93846713E-03
   1.35999990     ,  0.529999971     ,   1.01698097E-02
   1.35999990     ,  0.540000021     ,   1.03676794E-02
   1.35999990     ,  0.550000012     ,   9.33176279E-03
   1.35999990     ,  0.560000002     ,   7.29784975E-03
   1.35999990     ,  0.569999993     ,   4.86054411E-03
   1.35999990     ,  0.579999983     ,   2.71368027E-03
   1.35999990     ,  0.589999974     ,   1.26724248E-03
   1.35999990     ,  0.600000024     ,   4.98676323E-04
   1.35999990     ,  0.610000014     ,   2.24530697E-04
   1.35999990     ,  0.620000005     ,   1.98888782E-04
   1.35999990     ,  0.629999995     ,   2.16102606E-04
   1.35999990     ,  0.639999986     ,   2.33840939E-04
   1.35999990     ,  0.649999976     ,   2.40397450E-04
   1.35999990     ,  0.659999967     ,   2.41303438E-04
   1.35999990     ,  0.670000017     ,   2.40921974E-04
   1.35999990     ,  0.680000007     ,   2.36701962E-04
   1.35999990     ,  0.689999998     ,   2.34317777E-04
   1.35999990     ,  0.699999988     ,   2.33340266E-04
  
   1.40000010     ,  0.500000000     ,   5.42526244E-20
   1.40000010     ,  0.509999990     ,   6.79773698E-03
   1.40000010     ,  0.519999981     ,   8.78390670E-03
   1.40000010     ,  0.529999971     ,   9.99767147E-03
   1.40000010     ,  0.540000021     ,   1.02084875E-02
   1.40000010     ,  0.550000012     ,   9.22075473E-03
   1.40000010     ,  0.560000002     ,   7.25274067E-03
   1.40000010     ,  0.569999993     ,   4.87198820E-03
   1.40000010     ,  0.579999983     ,   2.75787106E-03
   1.40000010     ,  0.589999974     ,   1.30469794E-03
   1.40000010     ,  0.600000024     ,   5.24759293E-04
   1.40000010     ,  0.610000014     ,   2.28607649E-04
   1.40000010     ,  0.620000005     ,   1.91426283E-04
   1.40000010     ,  0.629999995     ,   2.06065175E-04
   1.40000010     ,  0.639999986     ,   2.23660463E-04
   1.40000010     ,  0.649999976     ,   2.31552127E-04
   1.40000010     ,  0.659999967     ,   2.31170648E-04
   1.40000010     ,  0.670000017     ,   2.27904326E-04
   1.40000010     ,  0.680000007     ,   2.27093697E-04
   1.40000010     ,  0.689999998     ,   2.26187709E-04
   1.40000010     ,  0.699999988     ,   2.25162512E-04
  
   1.44000006     ,  0.500000000     ,   5.42526244E-20
   1.44000006     ,  0.509999990     ,   6.70112669E-03
   1.44000006     ,  0.519999981     ,   8.63998570E-03
   1.44000006     ,  0.529999971     ,   9.83884931E-03
   1.44000006     ,  0.540000021     ,   1.00681065E-02
   1.44000006     ,  0.550000012     ,   9.10621881E-03
   1.44000006     ,  0.560000002     ,   7.20148068E-03
   1.44000006     ,  0.569999993     ,   4.87911701E-03
   1.44000006     ,  0.579999983     ,   2.79724598E-03
   1.44000006     ,  0.589999974     ,   1.34319067E-03
   1.44000006     ,  0.600000024     ,   5.50985336E-04
   1.44000006     ,  0.610000014     ,   2.36487394E-04
   1.44000006     ,  0.620000005     ,   1.84750563E-04
   1.44000006     ,  0.629999995     ,   1.96385387E-04
   1.44000006     ,  0.639999986     ,   2.11334234E-04
   1.44000006     ,  0.649999976     ,   2.19058988E-04
   1.44000006     ,  0.659999967     ,   2.20775604E-04
   1.44000006     ,  0.670000017     ,   2.20417976E-04
   1.44000006     ,  0.680000007     ,   2.19321257E-04
   1.44000006     ,  0.689999998     ,   2.18367582E-04
   1.44000006     ,  0.699999988     ,   2.17270848E-04
  
   1.48000002     ,  0.500000000     ,   5.42526244E-20
   1.48000002     ,  0.509999990     ,   6.59756083E-03
   1.48000002     ,  0.519999981     ,   8.47705640E-03
   1.48000002     ,  0.529999971     ,   9.64165293E-03
   1.48000002     ,  0.540000021     ,   9.86720342E-03
   1.48000002     ,  0.550000012     ,   8.95218831E-03
   1.48000002     ,  0.560000002     ,   7.10446853E-03
   1.48000002     ,  0.569999993     ,   4.83840704E-03
   1.48000002     ,  0.579999983     ,   2.78538465E-03
   1.48000002     ,  0.589999974     ,   1.35451555E-03
   1.48000002     ,  0.600000024     ,   5.67519688E-04
   1.48000002     ,  0.610000014     ,   2.41291520E-04
   1.48000002     ,  0.620000005     ,   1.77550319E-04
   1.48000002     ,  0.629999995     ,   1.90281862E-04
   1.48000002     ,  0.639999986     ,   2.03347212E-04
   1.48000002     ,  0.649999976     ,   2.11334234E-04
   1.48000002     ,  0.659999967     ,   2.13170046E-04
   1.48000002     ,  0.670000017     ,   2.12860105E-04
   1.48000002     ,  0.680000007     ,   2.12144849E-04
   1.48000002     ,  0.689999998     ,   2.10022932E-04
   1.48000002     ,  0.699999988     ,   2.07734105E-04
  
   1.51999998     ,  0.500000000     ,   5.42526244E-20
   1.51999998     ,  0.509999990     ,   6.51399186E-03
   1.51999998     ,  0.519999981     ,   8.34224839E-03
   1.51999998     ,  0.529999971     ,   9.48956050E-03
   1.51999998     ,  0.540000021     ,   9.72565450E-03
   1.51999998     ,  0.550000012     ,   8.85164738E-03
   1.51999998     ,  0.560000002     ,   7.06286449E-03
   1.51999998     ,  0.569999993     ,   4.84868279E-03
   1.51999998     ,  0.579999983     ,   2.83517828E-03
   1.51999998     ,  0.589999974     ,   1.39584544E-03
   1.51999998     ,  0.600000024     ,   5.92303288E-04
   1.51999998     ,  0.610000014     ,   2.49278557E-04
   1.51999998     ,  0.620000005     ,   1.73544890E-04
   1.51999998     ,  0.629999995     ,   1.83558470E-04
   1.51999998     ,  0.639999986     ,   1.97696689E-04
   1.51999998     ,  0.649999976     ,   2.04873082E-04
   1.51999998     ,  0.659999967     ,   2.06804281E-04
   1.51999998     ,  0.670000017     ,   2.04539305E-04
   1.51999998     ,  0.680000007     ,   2.04563141E-04
   1.51999998     ,  0.689999998     ,   2.04205513E-04
   1.51999998     ,  0.699999988     ,   2.04038617E-04
  
   1.55999994     ,  0.500000000     ,   5.42526244E-20
   1.55999994     ,  0.509999990     ,   6.43137097E-03
   1.55999994     ,  0.519999981     ,   8.21571331E-03
   1.55999994     ,  0.529999971     ,   9.35041346E-03
   1.55999994     ,  0.540000021     ,   9.60056763E-03
   1.55999994     ,  0.550000012     ,   8.76538735E-03
   1.55999994     ,  0.560000002     ,   7.02898484E-03
   1.55999994     ,  0.569999993     ,   4.86515742E-03
   1.55999994     ,  0.579999983     ,   2.87195435E-03
   1.55999994     ,  0.589999974     ,   1.43378973E-03
   1.55999994     ,  0.600000024     ,   6.18469727E-04
   1.55999994     ,  0.610000014     ,   2.58696091E-04
   1.55999994     ,  0.620000005     ,   1.72758097E-04
   1.55999994     ,  0.629999995     ,   1.77741051E-04
   1.55999994     ,  0.639999986     ,   1.89852712E-04
   1.55999994     ,  0.649999976     ,   1.96671492E-04
   1.55999994     ,  0.659999967     ,   1.99246409E-04
   1.55999994     ,  0.670000017     ,   1.99818605E-04
   1.55999994     ,  0.680000007     ,   1.99413305E-04
   1.55999994     ,  0.689999998     ,   1.99317932E-04
   1.55999994     ,  0.699999988     ,   1.99127200E-04
  
   1.59999990     ,  0.500000000     ,   5.42526244E-20
   1.59999990     ,  0.509999990     ,   6.33822661E-03
   1.59999990     ,  0.519999981     ,   8.07643496E-03
   1.59999990     ,  0.529999971     ,   9.17468686E-03
   1.59999990     ,  0.540000021     ,   9.46451444E-03
   1.59999990     ,  0.550000012     ,   8.66764784E-03
   1.59999990     ,  0.560000002     ,   6.99712057E-03
   1.59999990     ,  0.569999993     ,   4.88574523E-03
   1.59999990     ,  0.579999983     ,   2.91370158E-03
   1.59999990     ,  0.589999974     ,   1.47447584E-03
   1.59999990     ,  0.600000024     ,   6.46662724E-04
   1.59999990     ,  0.610000014     ,   2.73513782E-04
   1.59999990     ,  0.620000005     ,   1.70016283E-04
   1.59999990     ,  0.629999995     ,   1.69897074E-04
   1.59999990     ,  0.639999986     ,   1.83629993E-04
   1.59999990     ,  0.649999976     ,   1.91617015E-04
   1.59999990     ,  0.659999967     ,   1.94454187E-04
   1.59999990     ,  0.670000017     ,   1.95050234E-04
   1.59999990     ,  0.680000007     ,   1.94907188E-04
   1.59999990     ,  0.689999998     ,   1.94859502E-04
   1.59999990     ,  0.699999988     ,   1.94239619E-04
  
